-- phpMyAdmin SQL Dump
-- version 5.2.2
-- https://www.phpmyadmin.net/
--
-- Host: mysql
-- Generation Time: Jul 10, 2025 at 06:58 PM
-- Server version: 8.0.42
-- PHP Version: 8.2.27

SET SQL_MODE = "NO_AUTO_VALUE_ON_ZERO";
START TRANSACTION;
SET time_zone = "+00:00";


/*!40101 SET @OLD_CHARACTER_SET_CLIENT=@@CHARACTER_SET_CLIENT */;
/*!40101 SET @OLD_CHARACTER_SET_RESULTS=@@CHARACTER_SET_RESULTS */;
/*!40101 SET @OLD_COLLATION_CONNECTION=@@COLLATION_CONNECTION */;
/*!40101 SET NAMES utf8mb4 */;

--
-- Database: `restaurant`
--

-- --------------------------------------------------------

--
-- Table structure for table `attendance`
--

CREATE TABLE `attendance` (
  `entryid` int NOT NULL,
  `userid` int NOT NULL,
  `action` enum('entry','exit') CHARACTER SET utf8mb3 COLLATE utf8mb3_general_ci NOT NULL,
  `timestamp` timestamp NOT NULL DEFAULT CURRENT_TIMESTAMP
) ENGINE=InnoDB DEFAULT CHARSET=utf8mb3;

--
-- Dumping data for table `attendance`
--

INSERT INTO `attendance` (`entryid`, `userid`, `action`, `timestamp`) VALUES
(811, 13, 'entry', '2025-01-01 11:11:00'),
(812, 13, 'exit', '2025-01-01 15:07:00'),
(813, 13, 'entry', '2025-01-01 19:20:00'),
(814, 13, 'exit', '2025-01-01 23:03:00'),
(815, 209, 'entry', '2025-01-01 11:03:00'),
(816, 209, 'exit', '2025-01-01 14:58:00'),
(817, 209, 'entry', '2025-01-01 19:01:00'),
(818, 209, 'exit', '2025-01-01 23:00:00'),
(823, 269, 'entry', '2025-01-01 11:01:00'),
(824, 269, 'exit', '2025-01-01 14:57:00'),
(825, 270, 'entry', '2025-01-01 10:59:00'),
(826, 270, 'exit', '2025-01-01 15:00:00'),
(827, 270, 'entry', '2025-01-01 18:56:00'),
(828, 270, 'exit', '2025-01-01 22:59:00'),
(829, 209, 'entry', '2025-01-02 11:03:00'),
(830, 209, 'exit', '2025-01-02 14:57:00'),
(831, 209, 'entry', '2025-01-02 19:03:00'),
(832, 209, 'exit', '2025-01-02 22:56:00'),
(837, 269, 'entry', '2025-01-02 11:08:00'),
(838, 269, 'exit', '2025-01-02 14:59:00'),
(839, 270, 'entry', '2025-01-02 10:56:00'),
(840, 270, 'exit', '2025-01-02 15:04:00'),
(841, 270, 'entry', '2025-01-02 19:00:00'),
(842, 270, 'exit', '2025-01-02 23:01:00'),
(843, 13, 'entry', '2025-01-03 10:53:00'),
(844, 13, 'exit', '2025-01-03 14:51:00'),
(845, 13, 'entry', '2025-01-03 19:03:00'),
(846, 13, 'exit', '2025-01-03 23:02:00'),
(847, 209, 'entry', '2025-01-03 11:00:00'),
(848, 209, 'exit', '2025-01-03 14:59:00'),
(849, 209, 'entry', '2025-01-03 19:04:00'),
(850, 209, 'exit', '2025-01-03 22:57:00'),
(855, 269, 'entry', '2025-01-03 10:58:00'),
(856, 269, 'exit', '2025-01-03 15:02:00'),
(857, 269, 'entry', '2025-01-03 18:56:00'),
(858, 269, 'exit', '2025-01-03 22:59:00'),
(859, 270, 'entry', '2025-01-03 11:05:00'),
(860, 270, 'exit', '2025-01-03 15:04:00'),
(861, 270, 'entry', '2025-01-03 19:04:00'),
(862, 270, 'exit', '2025-01-03 23:03:00'),
(863, 209, 'entry', '2025-01-04 11:04:00'),
(864, 209, 'exit', '2025-01-04 14:55:00'),
(865, 209, 'entry', '2025-01-04 19:01:00'),
(866, 209, 'exit', '2025-01-04 22:57:00'),
(871, 269, 'entry', '2025-01-04 11:03:00'),
(872, 269, 'exit', '2025-01-04 15:02:00'),
(873, 270, 'entry', '2025-01-04 11:00:00'),
(874, 270, 'exit', '2025-01-04 15:00:00'),
(875, 270, 'entry', '2025-01-04 18:55:00'),
(876, 270, 'exit', '2025-01-04 22:55:00'),
(877, 209, 'entry', '2025-01-05 11:01:00'),
(878, 209, 'exit', '2025-01-05 14:55:00'),
(879, 209, 'entry', '2025-01-05 19:04:00'),
(880, 209, 'exit', '2025-01-05 22:56:00'),
(885, 269, 'entry', '2025-01-05 10:56:00'),
(886, 269, 'exit', '2025-01-05 15:05:00'),
(887, 270, 'entry', '2025-01-05 10:59:00'),
(888, 270, 'exit', '2025-01-05 15:02:00'),
(889, 270, 'entry', '2025-01-05 18:55:00'),
(890, 270, 'exit', '2025-01-05 22:56:00'),
(891, 209, 'entry', '2025-01-08 11:05:00'),
(892, 209, 'exit', '2025-01-08 14:55:00'),
(893, 209, 'entry', '2025-01-08 19:00:00'),
(894, 209, 'exit', '2025-01-08 22:59:00'),
(899, 269, 'entry', '2025-01-08 10:59:00'),
(900, 269, 'exit', '2025-01-08 14:59:00'),
(901, 269, 'entry', '2025-01-08 19:10:00'),
(902, 269, 'exit', '2025-01-08 22:54:00'),
(903, 270, 'entry', '2025-01-08 11:03:00'),
(904, 270, 'exit', '2025-01-08 14:59:00'),
(905, 270, 'entry', '2025-01-08 19:03:00'),
(906, 270, 'exit', '2025-01-08 22:55:00'),
(907, 209, 'entry', '2025-01-09 11:00:00'),
(908, 209, 'exit', '2025-01-09 15:00:00'),
(909, 209, 'entry', '2025-01-09 19:04:00'),
(910, 209, 'exit', '2025-01-09 22:57:00'),
(915, 270, 'entry', '2025-01-09 10:58:00'),
(916, 270, 'exit', '2025-01-09 14:55:00'),
(917, 270, 'entry', '2025-01-09 18:56:00'),
(918, 270, 'exit', '2025-01-09 23:05:00'),
(919, 13, 'entry', '2025-01-10 11:08:00'),
(920, 13, 'exit', '2025-01-10 15:04:00'),
(921, 13, 'entry', '2025-01-10 18:50:00'),
(922, 13, 'exit', '2025-01-10 23:05:00'),
(923, 209, 'entry', '2025-01-10 11:04:00'),
(924, 209, 'exit', '2025-01-10 15:00:00'),
(925, 209, 'entry', '2025-01-10 19:04:00'),
(926, 209, 'exit', '2025-01-10 23:00:00'),
(931, 269, 'entry', '2025-01-10 10:56:00'),
(932, 269, 'exit', '2025-01-10 14:55:00'),
(933, 269, 'entry', '2025-01-10 19:05:00'),
(934, 269, 'exit', '2025-01-10 23:10:00'),
(935, 270, 'entry', '2025-01-10 11:05:00'),
(936, 270, 'exit', '2025-01-10 15:01:00'),
(937, 270, 'entry', '2025-01-10 19:04:00'),
(938, 270, 'exit', '2025-01-10 22:58:00'),
(939, 209, 'entry', '2025-01-11 11:00:00'),
(940, 209, 'exit', '2025-01-11 15:00:00'),
(941, 209, 'entry', '2025-01-11 19:02:00'),
(942, 209, 'exit', '2025-01-11 22:58:00'),
(947, 269, 'entry', '2025-01-11 10:56:00'),
(948, 269, 'exit', '2025-01-11 14:58:00'),
(949, 269, 'entry', '2025-01-11 19:05:00'),
(950, 269, 'exit', '2025-01-11 22:54:00'),
(951, 270, 'entry', '2025-01-11 10:57:00'),
(952, 270, 'exit', '2025-01-11 15:03:00'),
(953, 270, 'entry', '2025-01-11 18:57:00'),
(954, 270, 'exit', '2025-01-11 23:04:00'),
(955, 13, 'entry', '2025-01-12 11:01:00'),
(956, 13, 'exit', '2025-01-12 14:55:00'),
(957, 13, 'entry', '2025-01-12 19:07:00'),
(958, 13, 'exit', '2025-01-12 23:09:00'),
(959, 209, 'entry', '2025-01-12 11:02:00'),
(960, 209, 'exit', '2025-01-12 14:56:00'),
(961, 209, 'entry', '2025-01-12 19:05:00'),
(962, 209, 'exit', '2025-01-12 22:56:00'),
(967, 269, 'entry', '2025-01-12 11:09:00'),
(968, 269, 'exit', '2025-01-12 14:59:00'),
(969, 270, 'entry', '2025-01-12 10:55:00'),
(970, 270, 'exit', '2025-01-12 14:57:00'),
(971, 270, 'entry', '2025-01-12 18:58:00'),
(972, 270, 'exit', '2025-01-12 22:56:00'),
(973, 13, 'entry', '2025-01-15 11:04:00'),
(974, 13, 'exit', '2025-01-15 15:07:00'),
(975, 13, 'entry', '2025-01-15 19:15:00'),
(976, 13, 'exit', '2025-01-15 23:00:00'),
(977, 209, 'entry', '2025-01-15 11:02:00'),
(978, 209, 'exit', '2025-01-15 14:55:00'),
(979, 209, 'entry', '2025-01-15 19:02:00'),
(980, 209, 'exit', '2025-01-15 22:59:00'),
(985, 269, 'entry', '2025-01-15 11:06:00'),
(986, 269, 'exit', '2025-01-15 15:03:00'),
(987, 270, 'entry', '2025-01-15 11:05:00'),
(988, 270, 'exit', '2025-01-15 15:04:00'),
(989, 270, 'entry', '2025-01-15 18:56:00'),
(990, 270, 'exit', '2025-01-15 23:04:00'),
(991, 13, 'entry', '2025-01-16 11:09:00'),
(992, 13, 'exit', '2025-01-16 14:56:00'),
(993, 13, 'entry', '2025-01-16 18:54:00'),
(994, 13, 'exit', '2025-01-16 22:58:00'),
(995, 209, 'entry', '2025-01-16 11:04:00'),
(996, 209, 'exit', '2025-01-16 14:57:00'),
(997, 209, 'entry', '2025-01-16 19:05:00'),
(998, 209, 'exit', '2025-01-16 23:00:00'),
(1003, 269, 'entry', '2025-01-16 10:59:00'),
(1004, 269, 'exit', '2025-01-16 14:58:00'),
(1005, 269, 'entry', '2025-01-16 19:07:00'),
(1006, 269, 'exit', '2025-01-16 22:52:00'),
(1007, 270, 'entry', '2025-01-16 11:03:00'),
(1008, 270, 'exit', '2025-01-16 14:57:00'),
(1009, 270, 'entry', '2025-01-16 19:00:00'),
(1010, 270, 'exit', '2025-01-16 22:57:00'),
(1011, 13, 'entry', '2025-01-17 10:53:00'),
(1012, 13, 'exit', '2025-01-17 14:58:00'),
(1013, 13, 'entry', '2025-01-17 19:18:00'),
(1014, 13, 'exit', '2025-01-17 22:50:00'),
(1015, 209, 'entry', '2025-01-17 11:05:00'),
(1016, 209, 'exit', '2025-01-17 14:59:00'),
(1017, 209, 'entry', '2025-01-17 19:00:00'),
(1018, 209, 'exit', '2025-01-17 22:55:00'),
(1023, 269, 'entry', '2025-01-17 11:04:00'),
(1024, 269, 'exit', '2025-01-17 15:01:00'),
(1025, 269, 'entry', '2025-01-17 18:57:00'),
(1026, 269, 'exit', '2025-01-17 23:09:00'),
(1027, 270, 'entry', '2025-01-17 10:59:00'),
(1028, 270, 'exit', '2025-01-17 15:02:00'),
(1029, 270, 'entry', '2025-01-17 19:02:00'),
(1030, 270, 'exit', '2025-01-17 23:00:00'),
(1031, 13, 'entry', '2025-01-18 11:01:00'),
(1032, 13, 'exit', '2025-01-18 14:53:00'),
(1033, 13, 'entry', '2025-01-18 18:52:00'),
(1034, 13, 'exit', '2025-01-18 23:04:00'),
(1035, 209, 'entry', '2025-01-18 11:04:00'),
(1036, 209, 'exit', '2025-01-18 14:58:00'),
(1037, 209, 'entry', '2025-01-18 19:02:00'),
(1038, 209, 'exit', '2025-01-18 22:56:00'),
(1043, 269, 'entry', '2025-01-18 11:07:00'),
(1044, 269, 'exit', '2025-01-18 15:00:00'),
(1045, 270, 'entry', '2025-01-18 11:01:00'),
(1046, 270, 'exit', '2025-01-18 14:56:00'),
(1047, 270, 'entry', '2025-01-18 19:00:00'),
(1048, 270, 'exit', '2025-01-18 22:57:00'),
(1049, 13, 'entry', '2025-01-19 11:13:00'),
(1050, 13, 'exit', '2025-01-19 15:05:00'),
(1051, 209, 'entry', '2025-01-19 11:01:00'),
(1052, 209, 'exit', '2025-01-19 14:59:00'),
(1053, 209, 'entry', '2025-01-19 19:03:00'),
(1054, 209, 'exit', '2025-01-19 22:59:00'),
(1059, 269, 'entry', '2025-01-19 11:09:00'),
(1060, 269, 'exit', '2025-01-19 14:57:00'),
(1061, 269, 'entry', '2025-01-19 18:57:00'),
(1062, 269, 'exit', '2025-01-19 23:05:00'),
(1063, 270, 'entry', '2025-01-19 11:01:00'),
(1064, 270, 'exit', '2025-01-19 14:59:00'),
(1065, 270, 'entry', '2025-01-19 18:59:00'),
(1066, 270, 'exit', '2025-01-19 22:59:00'),
(1067, 13, 'entry', '2025-01-22 11:11:00'),
(1068, 13, 'exit', '2025-01-22 15:00:00'),
(1069, 209, 'entry', '2025-01-22 11:01:00'),
(1070, 209, 'exit', '2025-01-22 15:00:00'),
(1071, 209, 'entry', '2025-01-22 19:04:00'),
(1072, 209, 'exit', '2025-01-22 22:59:00'),
(1077, 269, 'entry', '2025-01-22 10:54:00'),
(1078, 269, 'exit', '2025-01-22 15:03:00'),
(1079, 269, 'entry', '2025-01-22 19:00:00'),
(1080, 269, 'exit', '2025-01-22 23:01:00'),
(1081, 270, 'entry', '2025-01-22 11:00:00'),
(1082, 270, 'exit', '2025-01-22 14:56:00'),
(1083, 270, 'entry', '2025-01-22 18:58:00'),
(1084, 270, 'exit', '2025-01-22 23:05:00'),
(1085, 209, 'entry', '2025-01-23 11:04:00'),
(1086, 209, 'exit', '2025-01-23 14:57:00'),
(1087, 209, 'entry', '2025-01-23 19:01:00'),
(1088, 209, 'exit', '2025-01-23 22:58:00'),
(1093, 269, 'entry', '2025-01-23 11:06:00'),
(1094, 269, 'exit', '2025-01-23 14:58:00'),
(1095, 270, 'entry', '2025-01-23 10:56:00'),
(1096, 270, 'exit', '2025-01-23 15:04:00'),
(1097, 270, 'entry', '2025-01-23 18:57:00'),
(1098, 270, 'exit', '2025-01-23 23:02:00'),
(1099, 13, 'entry', '2025-01-24 11:03:00'),
(1100, 13, 'exit', '2025-01-24 14:59:00'),
(1101, 209, 'entry', '2025-01-24 11:04:00'),
(1102, 209, 'exit', '2025-01-24 15:00:00'),
(1103, 209, 'entry', '2025-01-24 19:01:00'),
(1104, 209, 'exit', '2025-01-24 22:57:00'),
(1109, 269, 'entry', '2025-01-24 11:09:00'),
(1110, 269, 'exit', '2025-01-24 14:58:00'),
(1111, 270, 'entry', '2025-01-24 11:05:00'),
(1112, 270, 'exit', '2025-01-24 14:57:00'),
(1113, 270, 'entry', '2025-01-24 18:58:00'),
(1114, 270, 'exit', '2025-01-24 23:03:00'),
(1115, 209, 'entry', '2025-01-25 11:00:00'),
(1116, 209, 'exit', '2025-01-25 14:57:00'),
(1117, 209, 'entry', '2025-01-25 19:01:00'),
(1118, 209, 'exit', '2025-01-25 22:59:00'),
(1123, 269, 'entry', '2025-01-25 11:06:00'),
(1124, 269, 'exit', '2025-01-25 15:05:00'),
(1125, 270, 'entry', '2025-01-25 10:59:00'),
(1126, 270, 'exit', '2025-01-25 14:56:00'),
(1127, 270, 'entry', '2025-01-25 19:03:00'),
(1128, 270, 'exit', '2025-01-25 23:02:00'),
(1129, 13, 'entry', '2025-01-26 11:16:00'),
(1130, 13, 'exit', '2025-01-26 14:51:00'),
(1131, 209, 'entry', '2025-01-26 11:00:00'),
(1132, 209, 'exit', '2025-01-26 14:57:00'),
(1133, 209, 'entry', '2025-01-26 19:05:00'),
(1134, 209, 'exit', '2025-01-26 23:00:00'),
(1139, 269, 'entry', '2025-01-26 10:55:00'),
(1140, 269, 'exit', '2025-01-26 15:00:00'),
(1141, 270, 'entry', '2025-01-26 10:56:00'),
(1142, 270, 'exit', '2025-01-26 15:02:00'),
(1143, 270, 'entry', '2025-01-26 18:55:00'),
(1144, 270, 'exit', '2025-01-26 23:00:00'),
(1145, 209, 'entry', '2025-01-29 11:04:00'),
(1146, 209, 'exit', '2025-01-29 14:59:00'),
(1147, 209, 'entry', '2025-01-29 19:04:00'),
(1148, 209, 'exit', '2025-01-29 22:58:00'),
(1153, 269, 'entry', '2025-01-29 10:50:00'),
(1154, 269, 'exit', '2025-01-29 15:02:00'),
(1155, 269, 'entry', '2025-01-29 19:04:00'),
(1156, 269, 'exit', '2025-01-29 22:59:00'),
(1157, 270, 'entry', '2025-01-29 11:03:00'),
(1158, 270, 'exit', '2025-01-29 14:55:00'),
(1159, 270, 'entry', '2025-01-29 18:55:00'),
(1160, 270, 'exit', '2025-01-29 23:00:00'),
(1161, 13, 'entry', '2025-01-30 10:59:00'),
(1162, 13, 'exit', '2025-01-30 14:57:00'),
(1163, 13, 'entry', '2025-01-30 18:51:00'),
(1164, 13, 'exit', '2025-01-30 23:08:00'),
(1165, 209, 'entry', '2025-01-30 11:03:00'),
(1166, 209, 'exit', '2025-01-30 14:56:00'),
(1167, 209, 'entry', '2025-01-30 19:00:00'),
(1168, 209, 'exit', '2025-01-30 22:56:00'),
(1173, 270, 'entry', '2025-01-30 11:01:00'),
(1174, 270, 'exit', '2025-01-30 14:56:00'),
(1175, 270, 'entry', '2025-01-30 18:59:00'),
(1176, 270, 'exit', '2025-01-30 22:59:00'),
(1177, 13, 'entry', '2025-01-31 10:55:00'),
(1178, 13, 'exit', '2025-01-31 15:09:00'),
(1179, 13, 'entry', '2025-01-31 18:58:00'),
(1180, 13, 'exit', '2025-01-31 23:08:00'),
(1181, 209, 'entry', '2025-01-31 11:00:00'),
(1182, 209, 'exit', '2025-01-31 14:59:00'),
(1183, 209, 'entry', '2025-01-31 19:03:00'),
(1184, 209, 'exit', '2025-01-31 22:56:00'),
(1189, 269, 'entry', '2025-01-31 10:51:00'),
(1190, 269, 'exit', '2025-01-31 14:57:00'),
(1191, 269, 'entry', '2025-01-31 19:09:00'),
(1192, 269, 'exit', '2025-01-31 22:57:00'),
(1193, 270, 'entry', '2025-01-31 11:01:00'),
(1194, 270, 'exit', '2025-01-31 14:59:00'),
(1195, 270, 'entry', '2025-01-31 19:05:00'),
(1196, 270, 'exit', '2025-01-31 23:03:00'),
(1197, 209, 'entry', '2025-02-01 11:04:00'),
(1198, 209, 'exit', '2025-02-01 14:59:00'),
(1199, 209, 'entry', '2025-02-01 19:03:00'),
(1200, 209, 'exit', '2025-02-01 23:00:00'),
(1205, 270, 'entry', '2025-02-01 10:57:00'),
(1206, 270, 'exit', '2025-02-01 15:05:00'),
(1207, 270, 'entry', '2025-02-01 18:59:00'),
(1208, 270, 'exit', '2025-02-01 22:55:00'),
(1209, 13, 'entry', '2025-02-02 10:54:00'),
(1210, 13, 'exit', '2025-02-02 15:02:00'),
(1211, 209, 'entry', '2025-02-02 11:01:00'),
(1212, 209, 'exit', '2025-02-02 14:58:00'),
(1213, 209, 'entry', '2025-02-02 19:05:00'),
(1214, 209, 'exit', '2025-02-02 22:55:00'),
(1219, 269, 'entry', '2025-02-02 11:07:00'),
(1220, 269, 'exit', '2025-02-02 15:02:00'),
(1221, 269, 'entry', '2025-02-02 19:09:00'),
(1222, 269, 'exit', '2025-02-02 22:51:00'),
(1223, 270, 'entry', '2025-02-02 11:04:00'),
(1224, 270, 'exit', '2025-02-02 14:55:00'),
(1225, 270, 'entry', '2025-02-02 18:55:00'),
(1226, 270, 'exit', '2025-02-02 23:01:00'),
(1227, 13, 'entry', '2025-02-05 11:06:00'),
(1228, 13, 'exit', '2025-02-05 15:08:00'),
(1229, 209, 'entry', '2025-02-05 11:01:00'),
(1230, 209, 'exit', '2025-02-05 14:57:00'),
(1231, 209, 'entry', '2025-02-05 19:01:00'),
(1232, 209, 'exit', '2025-02-05 22:57:00'),
(1237, 269, 'entry', '2025-02-05 11:06:00'),
(1238, 269, 'exit', '2025-02-05 14:57:00'),
(1239, 270, 'entry', '2025-02-05 11:05:00'),
(1240, 270, 'exit', '2025-02-05 15:00:00'),
(1241, 270, 'entry', '2025-02-05 19:04:00'),
(1242, 270, 'exit', '2025-02-05 22:55:00'),
(1243, 209, 'entry', '2025-02-06 11:05:00'),
(1244, 209, 'exit', '2025-02-06 14:58:00'),
(1245, 209, 'entry', '2025-02-06 19:01:00'),
(1246, 209, 'exit', '2025-02-06 22:57:00'),
(1251, 269, 'entry', '2025-02-06 11:05:00'),
(1252, 269, 'exit', '2025-02-06 14:56:00'),
(1253, 269, 'entry', '2025-02-06 19:01:00'),
(1254, 269, 'exit', '2025-02-06 22:51:00'),
(1255, 270, 'entry', '2025-02-06 11:04:00'),
(1256, 270, 'exit', '2025-02-06 14:57:00'),
(1257, 270, 'entry', '2025-02-06 19:03:00'),
(1258, 270, 'exit', '2025-02-06 23:02:00'),
(1259, 13, 'entry', '2025-02-07 10:51:00'),
(1260, 13, 'exit', '2025-02-07 15:02:00'),
(1261, 209, 'entry', '2025-02-07 11:05:00'),
(1262, 209, 'exit', '2025-02-07 14:55:00'),
(1263, 209, 'entry', '2025-02-07 19:05:00'),
(1264, 209, 'exit', '2025-02-07 23:00:00'),
(1269, 269, 'entry', '2025-02-07 11:02:00'),
(1270, 269, 'exit', '2025-02-07 14:58:00'),
(1271, 269, 'entry', '2025-02-07 19:08:00'),
(1272, 269, 'exit', '2025-02-07 23:08:00'),
(1273, 270, 'entry', '2025-02-07 10:59:00'),
(1274, 270, 'exit', '2025-02-07 15:05:00'),
(1275, 270, 'entry', '2025-02-07 19:05:00'),
(1276, 270, 'exit', '2025-02-07 23:04:00'),
(1277, 13, 'entry', '2025-02-08 10:56:00'),
(1278, 13, 'exit', '2025-02-08 14:58:00'),
(1279, 13, 'entry', '2025-02-08 19:09:00'),
(1280, 13, 'exit', '2025-02-08 23:00:00'),
(1281, 209, 'entry', '2025-02-08 11:04:00'),
(1282, 209, 'exit', '2025-02-08 14:55:00'),
(1283, 209, 'entry', '2025-02-08 19:03:00'),
(1284, 209, 'exit', '2025-02-08 23:00:00'),
(1289, 269, 'entry', '2025-02-08 11:04:00'),
(1290, 269, 'exit', '2025-02-08 14:58:00'),
(1291, 269, 'entry', '2025-02-08 19:06:00'),
(1292, 269, 'exit', '2025-02-08 22:51:00'),
(1293, 270, 'entry', '2025-02-08 11:05:00'),
(1294, 270, 'exit', '2025-02-08 14:55:00'),
(1295, 270, 'entry', '2025-02-08 18:57:00'),
(1296, 270, 'exit', '2025-02-08 23:01:00'),
(1297, 209, 'entry', '2025-02-09 11:03:00'),
(1298, 209, 'exit', '2025-02-09 14:55:00'),
(1299, 209, 'entry', '2025-02-09 19:04:00'),
(1300, 209, 'exit', '2025-02-09 22:55:00'),
(1305, 269, 'entry', '2025-02-09 11:00:00'),
(1306, 269, 'exit', '2025-02-09 14:57:00'),
(1307, 270, 'entry', '2025-02-09 11:02:00'),
(1308, 270, 'exit', '2025-02-09 15:03:00'),
(1309, 270, 'entry', '2025-02-09 18:56:00'),
(1310, 270, 'exit', '2025-02-09 23:00:00'),
(1311, 209, 'entry', '2025-02-12 11:01:00'),
(1312, 209, 'exit', '2025-02-12 14:56:00'),
(1313, 209, 'entry', '2025-02-12 19:00:00'),
(1314, 209, 'exit', '2025-02-12 23:00:00'),
(1319, 269, 'entry', '2025-02-12 10:53:00'),
(1320, 269, 'exit', '2025-02-12 15:01:00'),
(1321, 269, 'entry', '2025-02-12 18:54:00'),
(1322, 269, 'exit', '2025-02-12 22:54:00'),
(1323, 270, 'entry', '2025-02-12 10:59:00'),
(1324, 270, 'exit', '2025-02-12 14:55:00'),
(1325, 270, 'entry', '2025-02-12 18:58:00'),
(1326, 270, 'exit', '2025-02-12 23:01:00'),
(1327, 13, 'entry', '2025-02-13 11:12:00'),
(1328, 13, 'exit', '2025-02-13 15:01:00'),
(1329, 13, 'entry', '2025-02-13 19:00:00'),
(1330, 13, 'exit', '2025-02-13 23:00:00'),
(1331, 209, 'entry', '2025-02-13 11:04:00'),
(1332, 209, 'exit', '2025-02-13 15:00:00'),
(1333, 209, 'entry', '2025-02-13 19:05:00'),
(1334, 209, 'exit', '2025-02-13 22:57:00'),
(1339, 269, 'entry', '2025-02-13 11:01:00'),
(1340, 269, 'exit', '2025-02-13 14:56:00'),
(1341, 269, 'entry', '2025-02-13 18:50:00'),
(1342, 269, 'exit', '2025-02-13 23:00:00'),
(1343, 270, 'entry', '2025-02-13 10:58:00'),
(1344, 270, 'exit', '2025-02-13 14:57:00'),
(1345, 270, 'entry', '2025-02-13 19:05:00'),
(1346, 270, 'exit', '2025-02-13 22:56:00'),
(1347, 209, 'entry', '2025-02-14 11:03:00'),
(1348, 209, 'exit', '2025-02-14 14:58:00'),
(1349, 209, 'entry', '2025-02-14 19:00:00'),
(1350, 209, 'exit', '2025-02-14 22:57:00'),
(1355, 269, 'entry', '2025-02-14 11:04:00'),
(1356, 269, 'exit', '2025-02-14 14:56:00'),
(1357, 269, 'entry', '2025-02-14 19:07:00'),
(1358, 269, 'exit', '2025-02-14 23:01:00'),
(1359, 270, 'entry', '2025-02-14 11:03:00'),
(1360, 270, 'exit', '2025-02-14 15:04:00'),
(1361, 270, 'entry', '2025-02-14 19:03:00'),
(1362, 270, 'exit', '2025-02-14 22:57:00'),
(1363, 209, 'entry', '2025-02-15 11:04:00'),
(1364, 209, 'exit', '2025-02-15 14:59:00'),
(1365, 209, 'entry', '2025-02-15 19:02:00'),
(1366, 209, 'exit', '2025-02-15 23:00:00'),
(1371, 269, 'entry', '2025-02-15 11:07:00'),
(1372, 269, 'exit', '2025-02-15 15:04:00'),
(1373, 269, 'entry', '2025-02-15 18:53:00'),
(1374, 269, 'exit', '2025-02-15 23:07:00'),
(1375, 270, 'entry', '2025-02-15 11:02:00'),
(1376, 270, 'exit', '2025-02-15 15:01:00'),
(1377, 270, 'entry', '2025-02-15 19:01:00'),
(1378, 270, 'exit', '2025-02-15 22:58:00'),
(1379, 13, 'entry', '2025-02-16 11:13:00'),
(1380, 13, 'exit', '2025-02-16 15:01:00'),
(1381, 209, 'entry', '2025-02-16 11:02:00'),
(1382, 209, 'exit', '2025-02-16 14:57:00'),
(1383, 209, 'entry', '2025-02-16 19:01:00'),
(1384, 209, 'exit', '2025-02-16 22:59:00'),
(1389, 269, 'entry', '2025-02-16 11:01:00'),
(1390, 269, 'exit', '2025-02-16 14:56:00'),
(1391, 269, 'entry', '2025-02-16 18:55:00'),
(1392, 269, 'exit', '2025-02-16 22:53:00'),
(1393, 270, 'entry', '2025-02-16 10:58:00'),
(1394, 270, 'exit', '2025-02-16 15:02:00'),
(1395, 270, 'entry', '2025-02-16 18:57:00'),
(1396, 270, 'exit', '2025-02-16 22:55:00'),
(1397, 13, 'entry', '2025-02-19 10:53:00'),
(1398, 13, 'exit', '2025-02-19 15:05:00'),
(1399, 13, 'entry', '2025-02-19 18:54:00'),
(1400, 13, 'exit', '2025-02-19 22:59:00'),
(1401, 209, 'entry', '2025-02-19 11:03:00'),
(1402, 209, 'exit', '2025-02-19 14:57:00'),
(1403, 209, 'entry', '2025-02-19 19:03:00'),
(1404, 209, 'exit', '2025-02-19 22:59:00'),
(1409, 269, 'entry', '2025-02-19 11:07:00'),
(1410, 269, 'exit', '2025-02-19 15:05:00'),
(1411, 269, 'entry', '2025-02-19 19:07:00'),
(1412, 269, 'exit', '2025-02-19 22:56:00'),
(1413, 270, 'entry', '2025-02-19 10:55:00'),
(1414, 270, 'exit', '2025-02-19 15:01:00'),
(1415, 270, 'entry', '2025-02-19 18:58:00'),
(1416, 270, 'exit', '2025-02-19 22:56:00'),
(1417, 13, 'entry', '2025-02-20 11:06:00'),
(1418, 13, 'exit', '2025-02-20 14:57:00'),
(1419, 13, 'entry', '2025-02-20 19:18:00'),
(1420, 13, 'exit', '2025-02-20 22:53:00'),
(1421, 209, 'entry', '2025-02-20 11:00:00'),
(1422, 209, 'exit', '2025-02-20 14:55:00'),
(1423, 209, 'entry', '2025-02-20 19:04:00'),
(1424, 209, 'exit', '2025-02-20 22:57:00'),
(1429, 269, 'entry', '2025-02-20 11:06:00'),
(1430, 269, 'exit', '2025-02-20 15:02:00'),
(1431, 269, 'entry', '2025-02-20 18:59:00'),
(1432, 269, 'exit', '2025-02-20 22:59:00'),
(1433, 270, 'entry', '2025-02-20 10:56:00'),
(1434, 270, 'exit', '2025-02-20 15:03:00'),
(1435, 270, 'entry', '2025-02-20 19:01:00'),
(1436, 270, 'exit', '2025-02-20 23:01:00'),
(1437, 13, 'entry', '2025-02-21 11:10:00'),
(1438, 13, 'exit', '2025-02-21 14:53:00'),
(1439, 209, 'entry', '2025-02-21 11:03:00'),
(1440, 209, 'exit', '2025-02-21 14:55:00'),
(1441, 209, 'entry', '2025-02-21 19:01:00'),
(1442, 209, 'exit', '2025-02-21 22:55:00'),
(1447, 269, 'entry', '2025-02-21 10:55:00'),
(1448, 269, 'exit', '2025-02-21 14:55:00'),
(1449, 269, 'entry', '2025-02-21 19:07:00'),
(1450, 269, 'exit', '2025-02-21 22:58:00'),
(1451, 270, 'entry', '2025-02-21 10:59:00'),
(1452, 270, 'exit', '2025-02-21 14:55:00'),
(1453, 270, 'entry', '2025-02-21 19:02:00'),
(1454, 270, 'exit', '2025-02-21 23:00:00'),
(1455, 13, 'entry', '2025-02-22 10:58:00'),
(1456, 13, 'exit', '2025-02-22 14:58:00'),
(1457, 209, 'entry', '2025-02-22 11:04:00'),
(1458, 209, 'exit', '2025-02-22 14:55:00'),
(1459, 209, 'entry', '2025-02-22 19:05:00'),
(1460, 209, 'exit', '2025-02-22 22:57:00'),
(1465, 269, 'entry', '2025-02-22 10:55:00'),
(1466, 269, 'exit', '2025-02-22 14:59:00'),
(1467, 269, 'entry', '2025-02-22 19:08:00'),
(1468, 269, 'exit', '2025-02-22 23:08:00'),
(1469, 270, 'entry', '2025-02-22 11:05:00'),
(1470, 270, 'exit', '2025-02-22 15:05:00'),
(1471, 270, 'entry', '2025-02-22 19:03:00'),
(1472, 270, 'exit', '2025-02-22 22:56:00'),
(1473, 209, 'entry', '2025-02-23 11:04:00'),
(1474, 209, 'exit', '2025-02-23 14:56:00'),
(1475, 209, 'entry', '2025-02-23 19:03:00'),
(1476, 209, 'exit', '2025-02-23 22:57:00'),
(1481, 269, 'entry', '2025-02-23 11:03:00'),
(1482, 269, 'exit', '2025-02-23 14:58:00'),
(1483, 270, 'entry', '2025-02-23 11:03:00'),
(1484, 270, 'exit', '2025-02-23 15:03:00'),
(1485, 270, 'entry', '2025-02-23 18:59:00'),
(1486, 270, 'exit', '2025-02-23 23:03:00'),
(1487, 13, 'entry', '2025-02-26 10:59:00'),
(1488, 13, 'exit', '2025-02-26 14:50:00'),
(1489, 13, 'entry', '2025-02-26 19:05:00'),
(1490, 13, 'exit', '2025-02-26 23:05:00'),
(1491, 209, 'entry', '2025-02-26 11:01:00'),
(1492, 209, 'exit', '2025-02-26 14:57:00'),
(1493, 209, 'entry', '2025-02-26 19:03:00'),
(1494, 209, 'exit', '2025-02-26 22:59:00'),
(1499, 269, 'entry', '2025-02-26 11:09:00'),
(1500, 269, 'exit', '2025-02-26 15:01:00'),
(1501, 270, 'entry', '2025-02-26 10:58:00'),
(1502, 270, 'exit', '2025-02-26 15:00:00'),
(1503, 270, 'entry', '2025-02-26 19:03:00'),
(1504, 270, 'exit', '2025-02-26 22:55:00'),
(1505, 13, 'entry', '2025-02-27 11:19:00'),
(1506, 13, 'exit', '2025-02-27 14:50:00'),
(1507, 13, 'entry', '2025-02-27 18:54:00'),
(1508, 13, 'exit', '2025-02-27 22:58:00'),
(1509, 209, 'entry', '2025-02-27 11:04:00'),
(1510, 209, 'exit', '2025-02-27 14:55:00'),
(1511, 209, 'entry', '2025-02-27 19:05:00'),
(1512, 209, 'exit', '2025-02-27 22:55:00'),
(1517, 269, 'entry', '2025-02-27 11:04:00'),
(1518, 269, 'exit', '2025-02-27 14:55:00'),
(1519, 269, 'entry', '2025-02-27 19:04:00'),
(1520, 269, 'exit', '2025-02-27 23:02:00'),
(1521, 270, 'entry', '2025-02-27 11:00:00'),
(1522, 270, 'exit', '2025-02-27 14:59:00'),
(1523, 270, 'entry', '2025-02-27 19:02:00'),
(1524, 270, 'exit', '2025-02-27 22:59:00'),
(1525, 13, 'entry', '2025-02-28 11:17:00'),
(1526, 13, 'exit', '2025-02-28 14:59:00'),
(1527, 13, 'entry', '2025-02-28 19:06:00'),
(1528, 13, 'exit', '2025-02-28 23:03:00'),
(1529, 209, 'entry', '2025-02-28 11:05:00'),
(1530, 209, 'exit', '2025-02-28 14:58:00'),
(1531, 209, 'entry', '2025-02-28 19:05:00'),
(1532, 209, 'exit', '2025-02-28 22:59:00'),
(1537, 269, 'entry', '2025-02-28 11:10:00'),
(1538, 269, 'exit', '2025-02-28 15:05:00'),
(1539, 270, 'entry', '2025-02-28 11:01:00'),
(1540, 270, 'exit', '2025-02-28 14:57:00'),
(1541, 270, 'entry', '2025-02-28 19:04:00'),
(1542, 270, 'exit', '2025-02-28 23:04:00'),
(1543, 13, 'entry', '2025-03-01 10:57:00'),
(1544, 13, 'exit', '2025-03-01 15:02:00'),
(1545, 209, 'entry', '2025-03-01 11:02:00'),
(1546, 209, 'exit', '2025-03-01 14:57:00'),
(1547, 209, 'entry', '2025-03-01 19:01:00'),
(1548, 209, 'exit', '2025-03-01 23:00:00'),
(1553, 269, 'entry', '2025-03-01 10:50:00'),
(1554, 269, 'exit', '2025-03-01 15:01:00'),
(1555, 269, 'entry', '2025-03-01 19:08:00'),
(1556, 269, 'exit', '2025-03-01 23:06:00'),
(1557, 270, 'entry', '2025-03-01 11:01:00'),
(1558, 270, 'exit', '2025-03-01 14:58:00'),
(1559, 270, 'entry', '2025-03-01 19:03:00'),
(1560, 270, 'exit', '2025-03-01 23:00:00'),
(1561, 209, 'entry', '2025-03-02 11:05:00'),
(1562, 209, 'exit', '2025-03-02 14:57:00'),
(1563, 209, 'entry', '2025-03-02 19:01:00'),
(1564, 209, 'exit', '2025-03-02 22:56:00'),
(1569, 269, 'entry', '2025-03-02 10:54:00'),
(1570, 269, 'exit', '2025-03-02 15:01:00'),
(1571, 269, 'entry', '2025-03-02 19:09:00'),
(1572, 269, 'exit', '2025-03-02 22:58:00'),
(1573, 270, 'entry', '2025-03-02 11:02:00'),
(1574, 270, 'exit', '2025-03-02 14:55:00'),
(1575, 270, 'entry', '2025-03-02 18:57:00'),
(1576, 270, 'exit', '2025-03-02 23:04:00'),
(1577, 13, 'entry', '2025-03-05 11:19:00'),
(1578, 13, 'exit', '2025-03-05 14:55:00'),
(1579, 13, 'entry', '2025-03-05 19:12:00'),
(1580, 13, 'exit', '2025-03-05 22:52:00'),
(1581, 209, 'entry', '2025-03-05 11:03:00'),
(1582, 209, 'exit', '2025-03-05 14:55:00'),
(1583, 209, 'entry', '2025-03-05 19:04:00'),
(1584, 209, 'exit', '2025-03-05 22:58:00'),
(1589, 269, 'entry', '2025-03-05 11:07:00'),
(1590, 269, 'exit', '2025-03-05 14:59:00'),
(1591, 269, 'entry', '2025-03-05 18:50:00'),
(1592, 269, 'exit', '2025-03-05 22:57:00'),
(1593, 270, 'entry', '2025-03-05 10:57:00'),
(1594, 270, 'exit', '2025-03-05 14:55:00'),
(1595, 270, 'entry', '2025-03-05 18:55:00'),
(1596, 270, 'exit', '2025-03-05 23:01:00'),
(1597, 13, 'entry', '2025-03-06 10:59:00'),
(1598, 13, 'exit', '2025-03-06 14:54:00'),
(1599, 209, 'entry', '2025-03-06 11:04:00'),
(1600, 209, 'exit', '2025-03-06 14:57:00'),
(1601, 209, 'entry', '2025-03-06 19:04:00'),
(1602, 209, 'exit', '2025-03-06 22:59:00'),
(1607, 269, 'entry', '2025-03-06 11:01:00'),
(1608, 269, 'exit', '2025-03-06 14:59:00'),
(1609, 270, 'entry', '2025-03-06 11:02:00'),
(1610, 270, 'exit', '2025-03-06 15:05:00'),
(1611, 270, 'entry', '2025-03-06 18:58:00'),
(1612, 270, 'exit', '2025-03-06 23:03:00'),
(1613, 13, 'entry', '2025-03-07 11:02:00'),
(1614, 13, 'exit', '2025-03-07 14:54:00'),
(1615, 209, 'entry', '2025-03-07 11:02:00'),
(1616, 209, 'exit', '2025-03-07 14:59:00'),
(1617, 209, 'entry', '2025-03-07 19:01:00'),
(1618, 209, 'exit', '2025-03-07 22:57:00'),
(1623, 269, 'entry', '2025-03-07 11:09:00'),
(1624, 269, 'exit', '2025-03-07 15:01:00'),
(1625, 269, 'entry', '2025-03-07 19:09:00'),
(1626, 269, 'exit', '2025-03-07 22:53:00'),
(1627, 270, 'entry', '2025-03-07 10:58:00'),
(1628, 270, 'exit', '2025-03-07 14:55:00'),
(1629, 270, 'entry', '2025-03-07 18:58:00'),
(1630, 270, 'exit', '2025-03-07 22:58:00'),
(1631, 13, 'entry', '2025-03-08 10:54:00'),
(1632, 13, 'exit', '2025-03-08 14:53:00'),
(1633, 13, 'entry', '2025-03-08 19:07:00'),
(1634, 13, 'exit', '2025-03-08 22:56:00'),
(1635, 209, 'entry', '2025-03-08 11:02:00'),
(1636, 209, 'exit', '2025-03-08 14:57:00'),
(1637, 209, 'entry', '2025-03-08 19:02:00'),
(1638, 209, 'exit', '2025-03-08 22:57:00'),
(1643, 269, 'entry', '2025-03-08 11:05:00'),
(1644, 269, 'exit', '2025-03-08 14:55:00'),
(1645, 269, 'entry', '2025-03-08 19:05:00'),
(1646, 269, 'exit', '2025-03-08 23:02:00'),
(1647, 270, 'entry', '2025-03-08 11:01:00'),
(1648, 270, 'exit', '2025-03-08 14:57:00'),
(1649, 270, 'entry', '2025-03-08 18:59:00'),
(1650, 270, 'exit', '2025-03-08 23:05:00'),
(1651, 13, 'entry', '2025-03-09 11:02:00'),
(1652, 13, 'exit', '2025-03-09 15:09:00'),
(1653, 13, 'entry', '2025-03-09 19:19:00'),
(1654, 13, 'exit', '2025-03-09 23:07:00'),
(1655, 209, 'entry', '2025-03-09 11:05:00'),
(1656, 209, 'exit', '2025-03-09 14:55:00'),
(1657, 209, 'entry', '2025-03-09 19:04:00'),
(1658, 209, 'exit', '2025-03-09 22:55:00'),
(1663, 269, 'entry', '2025-03-09 11:09:00'),
(1664, 269, 'exit', '2025-03-09 15:02:00'),
(1665, 269, 'entry', '2025-03-09 18:56:00'),
(1666, 269, 'exit', '2025-03-09 23:07:00'),
(1667, 270, 'entry', '2025-03-09 11:00:00'),
(1668, 270, 'exit', '2025-03-09 14:57:00'),
(1669, 270, 'entry', '2025-03-09 18:57:00'),
(1670, 270, 'exit', '2025-03-09 22:57:00'),
(1671, 13, 'entry', '2025-03-12 11:05:00'),
(1672, 13, 'exit', '2025-03-12 15:06:00'),
(1673, 209, 'entry', '2025-03-12 11:02:00'),
(1674, 209, 'exit', '2025-03-12 14:56:00'),
(1675, 209, 'entry', '2025-03-12 19:04:00'),
(1676, 209, 'exit', '2025-03-12 22:55:00'),
(1681, 269, 'entry', '2025-03-12 11:07:00'),
(1682, 269, 'exit', '2025-03-12 14:56:00'),
(1683, 270, 'entry', '2025-03-12 11:03:00'),
(1684, 270, 'exit', '2025-03-12 15:04:00'),
(1685, 270, 'entry', '2025-03-12 19:03:00'),
(1686, 270, 'exit', '2025-03-12 22:55:00'),
(1687, 13, 'entry', '2025-03-13 11:08:00'),
(1688, 13, 'exit', '2025-03-13 15:01:00'),
(1689, 13, 'entry', '2025-03-13 19:18:00'),
(1690, 13, 'exit', '2025-03-13 23:06:00'),
(1691, 209, 'entry', '2025-03-13 11:01:00'),
(1692, 209, 'exit', '2025-03-13 15:00:00'),
(1693, 209, 'entry', '2025-03-13 19:04:00'),
(1694, 209, 'exit', '2025-03-13 22:59:00'),
(1699, 269, 'entry', '2025-03-13 10:57:00'),
(1700, 269, 'exit', '2025-03-13 14:59:00'),
(1701, 270, 'entry', '2025-03-13 10:57:00'),
(1702, 270, 'exit', '2025-03-13 15:02:00'),
(1703, 270, 'entry', '2025-03-13 18:58:00'),
(1704, 270, 'exit', '2025-03-13 23:00:00'),
(1705, 209, 'entry', '2025-03-14 11:05:00'),
(1706, 209, 'exit', '2025-03-14 15:00:00'),
(1707, 209, 'entry', '2025-03-14 19:04:00'),
(1708, 209, 'exit', '2025-03-14 22:56:00'),
(1713, 269, 'entry', '2025-03-14 11:08:00'),
(1714, 269, 'exit', '2025-03-14 14:58:00'),
(1715, 270, 'entry', '2025-03-14 11:00:00'),
(1716, 270, 'exit', '2025-03-14 14:55:00'),
(1717, 270, 'entry', '2025-03-14 19:03:00'),
(1718, 270, 'exit', '2025-03-14 23:03:00'),
(1719, 13, 'entry', '2025-03-15 11:15:00'),
(1720, 13, 'exit', '2025-03-15 14:58:00'),
(1721, 13, 'entry', '2025-03-15 19:18:00'),
(1722, 13, 'exit', '2025-03-15 22:50:00'),
(1723, 209, 'entry', '2025-03-15 11:01:00'),
(1724, 209, 'exit', '2025-03-15 14:57:00'),
(1725, 209, 'entry', '2025-03-15 19:00:00'),
(1726, 209, 'exit', '2025-03-15 23:00:00'),
(1731, 269, 'entry', '2025-03-15 10:51:00'),
(1732, 269, 'exit', '2025-03-15 14:56:00'),
(1733, 269, 'entry', '2025-03-15 18:57:00'),
(1734, 269, 'exit', '2025-03-15 22:59:00'),
(1735, 270, 'entry', '2025-03-15 11:04:00'),
(1736, 270, 'exit', '2025-03-15 15:00:00'),
(1737, 270, 'entry', '2025-03-15 19:02:00'),
(1738, 270, 'exit', '2025-03-15 22:56:00'),
(1739, 209, 'entry', '2025-03-16 11:03:00'),
(1740, 209, 'exit', '2025-03-16 14:57:00'),
(1741, 209, 'entry', '2025-03-16 19:02:00'),
(1742, 209, 'exit', '2025-03-16 22:55:00'),
(1747, 269, 'entry', '2025-03-16 10:51:00'),
(1748, 269, 'exit', '2025-03-16 14:58:00'),
(1749, 269, 'entry', '2025-03-16 19:10:00'),
(1750, 269, 'exit', '2025-03-16 22:59:00'),
(1751, 270, 'entry', '2025-03-16 11:02:00'),
(1752, 270, 'exit', '2025-03-16 14:56:00'),
(1753, 270, 'entry', '2025-03-16 18:57:00'),
(1754, 270, 'exit', '2025-03-16 23:04:00'),
(1755, 209, 'entry', '2025-03-19 11:05:00'),
(1756, 209, 'exit', '2025-03-19 14:55:00'),
(1757, 209, 'entry', '2025-03-19 19:02:00'),
(1758, 209, 'exit', '2025-03-19 22:56:00'),
(1763, 269, 'entry', '2025-03-19 11:02:00'),
(1764, 269, 'exit', '2025-03-19 15:04:00'),
(1765, 269, 'entry', '2025-03-19 18:53:00'),
(1766, 269, 'exit', '2025-03-19 23:02:00'),
(1767, 270, 'entry', '2025-03-19 11:04:00'),
(1768, 270, 'exit', '2025-03-19 14:58:00'),
(1769, 270, 'entry', '2025-03-19 18:58:00'),
(1770, 270, 'exit', '2025-03-19 23:01:00'),
(1771, 209, 'entry', '2025-03-20 11:02:00'),
(1772, 209, 'exit', '2025-03-20 14:55:00'),
(1773, 209, 'entry', '2025-03-20 19:00:00'),
(1774, 209, 'exit', '2025-03-20 23:00:00'),
(1779, 269, 'entry', '2025-03-20 11:03:00'),
(1780, 269, 'exit', '2025-03-20 15:03:00'),
(1781, 269, 'entry', '2025-03-20 18:52:00'),
(1782, 269, 'exit', '2025-03-20 23:07:00'),
(1783, 270, 'entry', '2025-03-20 11:05:00'),
(1784, 270, 'exit', '2025-03-20 14:58:00'),
(1785, 270, 'entry', '2025-03-20 19:01:00'),
(1786, 270, 'exit', '2025-03-20 22:59:00'),
(1787, 209, 'entry', '2025-03-21 11:03:00'),
(1788, 209, 'exit', '2025-03-21 14:57:00'),
(1789, 209, 'entry', '2025-03-21 19:04:00'),
(1790, 209, 'exit', '2025-03-21 22:57:00'),
(1795, 270, 'entry', '2025-03-21 11:04:00'),
(1796, 270, 'exit', '2025-03-21 14:55:00'),
(1797, 270, 'entry', '2025-03-21 19:05:00'),
(1798, 270, 'exit', '2025-03-21 23:00:00'),
(1799, 209, 'entry', '2025-03-22 11:00:00'),
(1800, 209, 'exit', '2025-03-22 14:58:00'),
(1801, 209, 'entry', '2025-03-22 19:05:00'),
(1802, 209, 'exit', '2025-03-22 22:58:00'),
(1807, 269, 'entry', '2025-03-22 11:03:00'),
(1808, 269, 'exit', '2025-03-22 14:56:00'),
(1809, 269, 'entry', '2025-03-22 18:59:00'),
(1810, 269, 'exit', '2025-03-22 22:55:00'),
(1811, 270, 'entry', '2025-03-22 10:58:00'),
(1812, 270, 'exit', '2025-03-22 14:57:00'),
(1813, 270, 'entry', '2025-03-22 19:00:00'),
(1814, 270, 'exit', '2025-03-22 22:55:00'),
(1815, 13, 'entry', '2025-03-23 11:13:00'),
(1816, 13, 'exit', '2025-03-23 14:57:00'),
(1817, 209, 'entry', '2025-03-23 11:02:00'),
(1818, 209, 'exit', '2025-03-23 14:58:00'),
(1819, 209, 'entry', '2025-03-23 19:05:00'),
(1820, 209, 'exit', '2025-03-23 22:56:00'),
(1825, 269, 'entry', '2025-03-23 11:01:00'),
(1826, 269, 'exit', '2025-03-23 15:00:00'),
(1827, 269, 'entry', '2025-03-23 18:50:00'),
(1828, 269, 'exit', '2025-03-23 22:51:00'),
(1829, 270, 'entry', '2025-03-23 11:02:00'),
(1830, 270, 'exit', '2025-03-23 15:02:00'),
(1831, 270, 'entry', '2025-03-23 19:00:00'),
(1832, 270, 'exit', '2025-03-23 23:02:00'),
(1833, 13, 'entry', '2025-03-26 11:13:00'),
(1834, 13, 'exit', '2025-03-26 14:54:00'),
(1835, 13, 'entry', '2025-03-26 19:20:00'),
(1836, 13, 'exit', '2025-03-26 22:53:00'),
(1837, 209, 'entry', '2025-03-26 11:01:00'),
(1838, 209, 'exit', '2025-03-26 14:59:00'),
(1839, 209, 'entry', '2025-03-26 19:04:00'),
(1840, 209, 'exit', '2025-03-26 23:00:00'),
(1845, 269, 'entry', '2025-03-26 11:04:00'),
(1846, 269, 'exit', '2025-03-26 15:03:00'),
(1847, 269, 'entry', '2025-03-26 19:02:00'),
(1848, 269, 'exit', '2025-03-26 22:55:00'),
(1849, 270, 'entry', '2025-03-26 11:03:00'),
(1850, 270, 'exit', '2025-03-26 15:05:00'),
(1851, 270, 'entry', '2025-03-26 19:02:00'),
(1852, 270, 'exit', '2025-03-26 22:59:00'),
(1853, 209, 'entry', '2025-03-27 11:01:00'),
(1854, 209, 'exit', '2025-03-27 14:56:00'),
(1855, 209, 'entry', '2025-03-27 19:04:00'),
(1856, 209, 'exit', '2025-03-27 23:00:00'),
(1861, 269, 'entry', '2025-03-27 10:53:00'),
(1862, 269, 'exit', '2025-03-27 14:59:00'),
(1863, 269, 'entry', '2025-03-27 18:55:00'),
(1864, 269, 'exit', '2025-03-27 22:57:00'),
(1865, 270, 'entry', '2025-03-27 11:00:00'),
(1866, 270, 'exit', '2025-03-27 14:57:00'),
(1867, 270, 'entry', '2025-03-27 19:04:00'),
(1868, 270, 'exit', '2025-03-27 23:00:00'),
(1869, 13, 'entry', '2025-03-28 11:04:00'),
(1870, 13, 'exit', '2025-03-28 15:10:00'),
(1871, 209, 'entry', '2025-03-28 11:03:00'),
(1872, 209, 'exit', '2025-03-28 14:58:00'),
(1873, 209, 'entry', '2025-03-28 19:02:00'),
(1874, 209, 'exit', '2025-03-28 22:59:00'),
(1879, 269, 'entry', '2025-03-28 11:02:00'),
(1880, 269, 'exit', '2025-03-28 15:04:00'),
(1881, 270, 'entry', '2025-03-28 10:57:00'),
(1882, 270, 'exit', '2025-03-28 14:59:00'),
(1883, 270, 'entry', '2025-03-28 18:58:00'),
(1884, 270, 'exit', '2025-03-28 22:58:00'),
(1885, 209, 'entry', '2025-03-29 11:05:00'),
(1886, 209, 'exit', '2025-03-29 14:59:00'),
(1887, 209, 'entry', '2025-03-29 19:05:00'),
(1888, 209, 'exit', '2025-03-29 22:59:00'),
(1893, 270, 'entry', '2025-03-29 11:05:00'),
(1894, 270, 'exit', '2025-03-29 14:56:00'),
(1895, 270, 'entry', '2025-03-29 18:59:00'),
(1896, 270, 'exit', '2025-03-29 22:58:00'),
(1897, 13, 'entry', '2025-03-30 11:12:00'),
(1898, 13, 'exit', '2025-03-30 15:00:00'),
(1899, 13, 'entry', '2025-03-30 19:17:00'),
(1900, 13, 'exit', '2025-03-30 23:08:00'),
(1901, 209, 'entry', '2025-03-30 11:05:00'),
(1902, 209, 'exit', '2025-03-30 15:00:00'),
(1903, 209, 'entry', '2025-03-30 19:04:00'),
(1904, 209, 'exit', '2025-03-30 22:59:00'),
(1909, 269, 'entry', '2025-03-30 10:57:00'),
(1910, 269, 'exit', '2025-03-30 14:59:00'),
(1911, 269, 'entry', '2025-03-30 18:53:00'),
(1912, 269, 'exit', '2025-03-30 23:04:00'),
(1913, 270, 'entry', '2025-03-30 10:59:00'),
(1914, 270, 'exit', '2025-03-30 15:05:00'),
(1915, 270, 'entry', '2025-03-30 18:56:00'),
(1916, 270, 'exit', '2025-03-30 23:01:00'),
(1917, 209, 'entry', '2025-04-02 11:01:00'),
(1918, 209, 'exit', '2025-04-02 14:59:00'),
(1919, 209, 'entry', '2025-04-02 19:00:00'),
(1920, 209, 'exit', '2025-04-02 22:56:00'),
(1925, 269, 'entry', '2025-04-02 10:56:00'),
(1926, 269, 'exit', '2025-04-02 14:56:00'),
(1927, 269, 'entry', '2025-04-02 19:07:00'),
(1928, 269, 'exit', '2025-04-02 23:09:00'),
(1929, 270, 'entry', '2025-04-02 11:03:00'),
(1930, 270, 'exit', '2025-04-02 14:59:00'),
(1931, 270, 'entry', '2025-04-02 18:56:00'),
(1932, 270, 'exit', '2025-04-02 22:57:00'),
(1933, 209, 'entry', '2025-04-03 11:03:00'),
(1934, 209, 'exit', '2025-04-03 15:00:00'),
(1935, 209, 'entry', '2025-04-03 19:03:00'),
(1936, 209, 'exit', '2025-04-03 22:57:00'),
(1941, 269, 'entry', '2025-04-03 10:58:00'),
(1942, 269, 'exit', '2025-04-03 14:58:00'),
(1943, 270, 'entry', '2025-04-03 10:55:00'),
(1944, 270, 'exit', '2025-04-03 14:56:00'),
(1945, 270, 'entry', '2025-04-03 18:55:00'),
(1946, 270, 'exit', '2025-04-03 23:01:00'),
(1947, 13, 'entry', '2025-04-04 10:56:00'),
(1948, 13, 'exit', '2025-04-04 15:10:00'),
(1949, 13, 'entry', '2025-04-04 18:59:00'),
(1950, 13, 'exit', '2025-04-04 22:57:00'),
(1951, 209, 'entry', '2025-04-04 11:02:00'),
(1952, 209, 'exit', '2025-04-04 14:57:00'),
(1953, 209, 'entry', '2025-04-04 19:00:00'),
(1954, 209, 'exit', '2025-04-04 23:00:00'),
(1959, 269, 'entry', '2025-04-04 11:00:00'),
(1960, 269, 'exit', '2025-04-04 15:04:00'),
(1961, 269, 'entry', '2025-04-04 18:57:00'),
(1962, 269, 'exit', '2025-04-04 22:55:00'),
(1963, 270, 'entry', '2025-04-04 11:02:00'),
(1964, 270, 'exit', '2025-04-04 14:58:00'),
(1965, 270, 'entry', '2025-04-04 18:57:00'),
(1966, 270, 'exit', '2025-04-04 23:02:00'),
(1967, 209, 'entry', '2025-04-05 11:03:00'),
(1968, 209, 'exit', '2025-04-05 14:57:00'),
(1969, 209, 'entry', '2025-04-05 19:05:00'),
(1970, 209, 'exit', '2025-04-05 22:57:00'),
(1975, 269, 'entry', '2025-04-05 11:09:00'),
(1976, 269, 'exit', '2025-04-05 15:00:00'),
(1977, 269, 'entry', '2025-04-05 18:51:00'),
(1978, 269, 'exit', '2025-04-05 23:09:00'),
(1979, 270, 'entry', '2025-04-05 11:03:00'),
(1980, 270, 'exit', '2025-04-05 15:00:00'),
(1981, 270, 'entry', '2025-04-05 18:58:00'),
(1982, 270, 'exit', '2025-04-05 23:04:00'),
(1983, 209, 'entry', '2025-04-06 11:01:00'),
(1984, 209, 'exit', '2025-04-06 14:56:00'),
(1985, 209, 'entry', '2025-04-06 19:03:00'),
(1986, 209, 'exit', '2025-04-06 23:00:00'),
(1991, 270, 'entry', '2025-04-06 10:57:00'),
(1992, 270, 'exit', '2025-04-06 15:00:00'),
(1993, 270, 'entry', '2025-04-06 19:03:00'),
(1994, 270, 'exit', '2025-04-06 22:59:00'),
(1995, 209, 'entry', '2025-04-09 11:02:00'),
(1996, 209, 'exit', '2025-04-09 15:00:00'),
(1997, 209, 'entry', '2025-04-09 19:05:00'),
(1998, 209, 'exit', '2025-04-09 23:00:00'),
(2003, 269, 'entry', '2025-04-09 11:07:00'),
(2004, 269, 'exit', '2025-04-09 14:57:00'),
(2005, 270, 'entry', '2025-04-09 11:00:00'),
(2006, 270, 'exit', '2025-04-09 15:01:00'),
(2007, 270, 'entry', '2025-04-09 19:05:00'),
(2008, 270, 'exit', '2025-04-09 22:56:00'),
(2009, 13, 'entry', '2025-04-10 11:07:00'),
(2010, 13, 'exit', '2025-04-10 15:08:00'),
(2011, 13, 'entry', '2025-04-10 19:11:00'),
(2012, 13, 'exit', '2025-04-10 22:54:00'),
(2013, 209, 'entry', '2025-04-10 11:04:00'),
(2014, 209, 'exit', '2025-04-10 14:57:00'),
(2015, 209, 'entry', '2025-04-10 19:02:00'),
(2016, 209, 'exit', '2025-04-10 22:57:00'),
(2021, 269, 'entry', '2025-04-10 10:58:00'),
(2022, 269, 'exit', '2025-04-10 15:02:00'),
(2023, 269, 'entry', '2025-04-10 19:04:00'),
(2024, 269, 'exit', '2025-04-10 23:06:00'),
(2025, 270, 'entry', '2025-04-10 11:03:00'),
(2026, 270, 'exit', '2025-04-10 15:00:00'),
(2027, 270, 'entry', '2025-04-10 18:55:00'),
(2028, 270, 'exit', '2025-04-10 23:00:00'),
(2029, 209, 'entry', '2025-04-11 11:04:00'),
(2030, 209, 'exit', '2025-04-11 14:56:00'),
(2031, 209, 'entry', '2025-04-11 19:01:00'),
(2032, 209, 'exit', '2025-04-11 22:57:00'),
(2037, 269, 'entry', '2025-04-11 10:57:00'),
(2038, 269, 'exit', '2025-04-11 14:56:00'),
(2039, 270, 'entry', '2025-04-11 10:56:00'),
(2040, 270, 'exit', '2025-04-11 15:01:00'),
(2041, 270, 'entry', '2025-04-11 19:02:00'),
(2042, 270, 'exit', '2025-04-11 22:56:00'),
(2043, 209, 'entry', '2025-04-12 11:02:00'),
(2044, 209, 'exit', '2025-04-12 14:59:00'),
(2045, 209, 'entry', '2025-04-12 19:00:00'),
(2046, 209, 'exit', '2025-04-12 22:57:00'),
(2051, 269, 'entry', '2025-04-12 11:09:00'),
(2052, 269, 'exit', '2025-04-12 14:55:00'),
(2053, 269, 'entry', '2025-04-12 18:51:00'),
(2054, 269, 'exit', '2025-04-12 22:54:00'),
(2055, 270, 'entry', '2025-04-12 11:01:00'),
(2056, 270, 'exit', '2025-04-12 15:00:00'),
(2057, 270, 'entry', '2025-04-12 19:03:00'),
(2058, 270, 'exit', '2025-04-12 23:02:00'),
(2059, 13, 'entry', '2025-04-13 11:17:00'),
(2060, 13, 'exit', '2025-04-13 15:07:00'),
(2061, 209, 'entry', '2025-04-13 11:02:00'),
(2062, 209, 'exit', '2025-04-13 14:55:00'),
(2063, 209, 'entry', '2025-04-13 19:03:00'),
(2064, 209, 'exit', '2025-04-13 22:58:00'),
(2069, 269, 'entry', '2025-04-13 10:53:00'),
(2070, 269, 'exit', '2025-04-13 15:00:00'),
(2071, 270, 'entry', '2025-04-13 10:59:00'),
(2072, 270, 'exit', '2025-04-13 14:55:00'),
(2073, 270, 'entry', '2025-04-13 19:02:00'),
(2074, 270, 'exit', '2025-04-13 23:00:00'),
(2075, 209, 'entry', '2025-04-16 11:05:00'),
(2076, 209, 'exit', '2025-04-16 14:58:00'),
(2077, 209, 'entry', '2025-04-16 19:00:00'),
(2078, 209, 'exit', '2025-04-16 22:59:00'),
(2083, 269, 'entry', '2025-04-16 11:06:00'),
(2084, 269, 'exit', '2025-04-16 14:55:00'),
(2085, 269, 'entry', '2025-04-16 18:55:00'),
(2086, 269, 'exit', '2025-04-16 23:04:00'),
(2087, 270, 'entry', '2025-04-16 10:56:00'),
(2088, 270, 'exit', '2025-04-16 15:03:00'),
(2089, 270, 'entry', '2025-04-16 19:00:00'),
(2090, 270, 'exit', '2025-04-16 23:03:00'),
(2091, 13, 'entry', '2025-04-17 11:20:00'),
(2092, 13, 'exit', '2025-04-17 15:00:00'),
(2093, 13, 'entry', '2025-04-17 19:20:00'),
(2094, 13, 'exit', '2025-04-17 22:56:00'),
(2095, 209, 'entry', '2025-04-17 11:04:00'),
(2096, 209, 'exit', '2025-04-17 14:59:00'),
(2097, 209, 'entry', '2025-04-17 19:02:00'),
(2098, 209, 'exit', '2025-04-17 23:00:00'),
(2103, 269, 'entry', '2025-04-17 11:01:00'),
(2104, 269, 'exit', '2025-04-17 14:59:00'),
(2105, 270, 'entry', '2025-04-17 10:58:00'),
(2106, 270, 'exit', '2025-04-17 15:00:00'),
(2107, 270, 'entry', '2025-04-17 19:02:00'),
(2108, 270, 'exit', '2025-04-17 22:59:00'),
(2109, 209, 'entry', '2025-04-18 11:02:00'),
(2110, 209, 'exit', '2025-04-18 14:56:00'),
(2111, 209, 'entry', '2025-04-18 19:00:00'),
(2112, 209, 'exit', '2025-04-18 22:59:00'),
(2117, 269, 'entry', '2025-04-18 11:10:00'),
(2118, 269, 'exit', '2025-04-18 14:57:00'),
(2119, 269, 'entry', '2025-04-18 19:10:00'),
(2120, 269, 'exit', '2025-04-18 23:09:00'),
(2121, 270, 'entry', '2025-04-18 10:57:00'),
(2122, 270, 'exit', '2025-04-18 14:57:00'),
(2123, 270, 'entry', '2025-04-18 19:00:00'),
(2124, 270, 'exit', '2025-04-18 22:59:00'),
(2125, 13, 'entry', '2025-04-19 11:02:00'),
(2126, 13, 'exit', '2025-04-19 14:50:00'),
(2127, 13, 'entry', '2025-04-19 19:17:00'),
(2128, 13, 'exit', '2025-04-19 22:55:00'),
(2129, 209, 'entry', '2025-04-19 11:01:00'),
(2130, 209, 'exit', '2025-04-19 14:59:00'),
(2131, 209, 'entry', '2025-04-19 19:01:00'),
(2132, 209, 'exit', '2025-04-19 23:00:00'),
(2137, 269, 'entry', '2025-04-19 11:10:00'),
(2138, 269, 'exit', '2025-04-19 15:01:00'),
(2139, 270, 'entry', '2025-04-19 10:58:00'),
(2140, 270, 'exit', '2025-04-19 14:59:00'),
(2141, 270, 'entry', '2025-04-19 18:55:00'),
(2142, 270, 'exit', '2025-04-19 22:55:00'),
(2143, 209, 'entry', '2025-04-20 11:02:00'),
(2144, 209, 'exit', '2025-04-20 15:00:00'),
(2145, 209, 'entry', '2025-04-20 19:03:00'),
(2146, 209, 'exit', '2025-04-20 22:58:00'),
(2151, 269, 'entry', '2025-04-20 11:06:00'),
(2152, 269, 'exit', '2025-04-20 15:03:00'),
(2153, 269, 'entry', '2025-04-20 19:07:00'),
(2154, 269, 'exit', '2025-04-20 23:02:00'),
(2155, 270, 'entry', '2025-04-20 11:05:00'),
(2156, 270, 'exit', '2025-04-20 14:57:00'),
(2157, 270, 'entry', '2025-04-20 18:56:00'),
(2158, 270, 'exit', '2025-04-20 23:02:00'),
(2159, 209, 'entry', '2025-04-23 11:02:00'),
(2160, 209, 'exit', '2025-04-23 14:56:00'),
(2161, 209, 'entry', '2025-04-23 19:01:00'),
(2162, 209, 'exit', '2025-04-23 22:58:00'),
(2167, 269, 'entry', '2025-04-23 10:51:00'),
(2168, 269, 'exit', '2025-04-23 15:05:00'),
(2169, 269, 'entry', '2025-04-23 18:52:00'),
(2170, 269, 'exit', '2025-04-23 23:01:00'),
(2171, 270, 'entry', '2025-04-23 11:05:00'),
(2172, 270, 'exit', '2025-04-23 14:58:00'),
(2173, 270, 'entry', '2025-04-23 19:01:00'),
(2174, 270, 'exit', '2025-04-23 23:02:00'),
(2175, 13, 'entry', '2025-04-24 11:09:00'),
(2176, 13, 'exit', '2025-04-24 14:52:00'),
(2177, 13, 'entry', '2025-04-24 19:12:00'),
(2178, 13, 'exit', '2025-04-24 22:55:00'),
(2179, 209, 'entry', '2025-04-24 11:05:00'),
(2180, 209, 'exit', '2025-04-24 14:55:00'),
(2181, 209, 'entry', '2025-04-24 19:01:00'),
(2182, 209, 'exit', '2025-04-24 22:56:00'),
(2187, 270, 'entry', '2025-04-24 10:57:00'),
(2188, 270, 'exit', '2025-04-24 14:55:00'),
(2189, 270, 'entry', '2025-04-24 19:04:00'),
(2190, 270, 'exit', '2025-04-24 23:03:00'),
(2191, 13, 'entry', '2025-04-25 11:09:00'),
(2192, 13, 'exit', '2025-04-25 14:50:00'),
(2193, 13, 'entry', '2025-04-25 19:15:00'),
(2194, 13, 'exit', '2025-04-25 23:04:00'),
(2195, 209, 'entry', '2025-04-25 11:04:00'),
(2196, 209, 'exit', '2025-04-25 14:57:00'),
(2197, 209, 'entry', '2025-04-25 19:01:00'),
(2198, 209, 'exit', '2025-04-25 22:58:00'),
(2203, 269, 'entry', '2025-04-25 11:04:00'),
(2204, 269, 'exit', '2025-04-25 14:56:00'),
(2205, 269, 'entry', '2025-04-25 19:08:00'),
(2206, 269, 'exit', '2025-04-25 22:59:00'),
(2207, 270, 'entry', '2025-04-25 11:04:00'),
(2208, 270, 'exit', '2025-04-25 14:59:00'),
(2209, 270, 'entry', '2025-04-25 19:02:00'),
(2210, 270, 'exit', '2025-04-25 22:56:00'),
(2211, 13, 'entry', '2025-04-26 11:19:00'),
(2212, 13, 'exit', '2025-04-26 14:53:00'),
(2213, 209, 'entry', '2025-04-26 11:00:00'),
(2214, 209, 'exit', '2025-04-26 14:55:00'),
(2215, 209, 'entry', '2025-04-26 19:03:00'),
(2216, 209, 'exit', '2025-04-26 23:00:00'),
(2221, 269, 'entry', '2025-04-26 10:57:00'),
(2222, 269, 'exit', '2025-04-26 15:01:00'),
(2223, 270, 'entry', '2025-04-26 10:59:00'),
(2224, 270, 'exit', '2025-04-26 14:55:00'),
(2225, 270, 'entry', '2025-04-26 19:01:00'),
(2226, 270, 'exit', '2025-04-26 23:04:00'),
(2227, 209, 'entry', '2025-04-27 11:02:00'),
(2228, 209, 'exit', '2025-04-27 15:00:00'),
(2229, 209, 'entry', '2025-04-27 19:00:00'),
(2230, 209, 'exit', '2025-04-27 23:00:00'),
(2235, 269, 'entry', '2025-04-27 11:09:00'),
(2236, 269, 'exit', '2025-04-27 15:01:00'),
(2237, 269, 'entry', '2025-04-27 18:51:00'),
(2238, 269, 'exit', '2025-04-27 23:01:00'),
(2239, 270, 'entry', '2025-04-27 10:58:00'),
(2240, 270, 'exit', '2025-04-27 15:04:00'),
(2241, 270, 'entry', '2025-04-27 18:55:00'),
(2242, 270, 'exit', '2025-04-27 22:57:00'),
(2243, 209, 'entry', '2025-04-30 11:05:00'),
(2244, 209, 'exit', '2025-04-30 15:00:00'),
(2245, 209, 'entry', '2025-04-30 19:04:00'),
(2246, 209, 'exit', '2025-04-30 22:59:00'),
(2251, 269, 'entry', '2025-04-30 10:58:00'),
(2252, 269, 'exit', '2025-04-30 15:00:00'),
(2253, 270, 'entry', '2025-04-30 11:00:00'),
(2254, 270, 'exit', '2025-04-30 15:05:00'),
(2255, 270, 'entry', '2025-04-30 19:01:00'),
(2256, 270, 'exit', '2025-04-30 23:00:00'),
(2257, 13, 'entry', '2025-05-01 11:07:00'),
(2258, 13, 'exit', '2025-05-01 14:55:00'),
(2259, 13, 'entry', '2025-05-01 19:17:00'),
(2260, 13, 'exit', '2025-05-01 23:02:00'),
(2261, 209, 'entry', '2025-05-01 11:02:00'),
(2262, 209, 'exit', '2025-05-01 14:59:00'),
(2263, 209, 'entry', '2025-05-01 19:03:00'),
(2264, 209, 'exit', '2025-05-01 22:57:00'),
(2269, 269, 'entry', '2025-05-01 11:07:00'),
(2270, 269, 'exit', '2025-05-01 15:00:00'),
(2271, 269, 'entry', '2025-05-01 19:09:00'),
(2272, 269, 'exit', '2025-05-01 23:07:00'),
(2273, 270, 'entry', '2025-05-01 10:58:00'),
(2274, 270, 'exit', '2025-05-01 15:01:00'),
(2275, 270, 'entry', '2025-05-01 19:00:00'),
(2276, 270, 'exit', '2025-05-01 22:57:00'),
(2277, 209, 'entry', '2025-05-02 11:05:00'),
(2278, 209, 'exit', '2025-05-02 14:55:00'),
(2279, 209, 'entry', '2025-05-02 19:02:00'),
(2280, 209, 'exit', '2025-05-02 23:00:00'),
(2285, 270, 'entry', '2025-05-02 11:01:00'),
(2286, 270, 'exit', '2025-05-02 14:59:00'),
(2287, 270, 'entry', '2025-05-02 19:04:00'),
(2288, 270, 'exit', '2025-05-02 22:56:00'),
(2289, 209, 'entry', '2025-05-03 11:03:00'),
(2290, 209, 'exit', '2025-05-03 14:56:00'),
(2291, 209, 'entry', '2025-05-03 19:00:00'),
(2292, 209, 'exit', '2025-05-03 23:00:00'),
(2297, 269, 'entry', '2025-05-03 10:58:00'),
(2298, 269, 'exit', '2025-05-03 14:55:00'),
(2299, 270, 'entry', '2025-05-03 11:03:00'),
(2300, 270, 'exit', '2025-05-03 15:03:00'),
(2301, 270, 'entry', '2025-05-03 18:57:00'),
(2302, 270, 'exit', '2025-05-03 23:01:00'),
(2303, 209, 'entry', '2025-05-04 11:03:00'),
(2304, 209, 'exit', '2025-05-04 14:55:00'),
(2305, 209, 'entry', '2025-05-04 19:00:00'),
(2306, 209, 'exit', '2025-05-04 22:55:00'),
(2311, 269, 'entry', '2025-05-04 10:58:00'),
(2312, 269, 'exit', '2025-05-04 14:58:00'),
(2313, 269, 'entry', '2025-05-04 19:10:00'),
(2314, 269, 'exit', '2025-05-04 22:58:00'),
(2315, 270, 'entry', '2025-05-04 10:59:00'),
(2316, 270, 'exit', '2025-05-04 15:03:00'),
(2317, 270, 'entry', '2025-05-04 19:04:00'),
(2318, 270, 'exit', '2025-05-04 22:58:00'),
(2319, 209, 'entry', '2025-05-07 11:01:00'),
(2320, 209, 'exit', '2025-05-07 14:57:00'),
(2321, 209, 'entry', '2025-05-07 19:01:00'),
(2322, 209, 'exit', '2025-05-07 22:57:00'),
(2327, 269, 'entry', '2025-05-07 11:05:00'),
(2328, 269, 'exit', '2025-05-07 14:59:00'),
(2329, 269, 'entry', '2025-05-07 18:55:00'),
(2330, 269, 'exit', '2025-05-07 23:01:00'),
(2331, 270, 'entry', '2025-05-07 11:00:00'),
(2332, 270, 'exit', '2025-05-07 15:01:00'),
(2333, 270, 'entry', '2025-05-07 19:05:00'),
(2334, 270, 'exit', '2025-05-07 22:56:00'),
(2335, 13, 'entry', '2025-05-08 10:57:00'),
(2336, 13, 'exit', '2025-05-08 14:56:00'),
(2337, 209, 'entry', '2025-05-08 11:05:00'),
(2338, 209, 'exit', '2025-05-08 15:00:00'),
(2339, 209, 'entry', '2025-05-08 19:00:00'),
(2340, 209, 'exit', '2025-05-08 22:57:00'),
(2345, 269, 'entry', '2025-05-08 11:06:00'),
(2346, 269, 'exit', '2025-05-08 15:02:00'),
(2347, 269, 'entry', '2025-05-08 18:50:00'),
(2348, 269, 'exit', '2025-05-08 22:58:00'),
(2349, 270, 'entry', '2025-05-08 10:57:00'),
(2350, 270, 'exit', '2025-05-08 15:04:00'),
(2351, 270, 'entry', '2025-05-08 19:05:00'),
(2352, 270, 'exit', '2025-05-08 22:59:00'),
(2353, 13, 'entry', '2025-05-09 11:11:00'),
(2354, 13, 'exit', '2025-05-09 14:52:00'),
(2355, 209, 'entry', '2025-05-09 11:05:00'),
(2356, 209, 'exit', '2025-05-09 14:55:00'),
(2357, 209, 'entry', '2025-05-09 19:05:00'),
(2358, 209, 'exit', '2025-05-09 22:57:00'),
(2363, 269, 'entry', '2025-05-09 10:55:00');
INSERT INTO `attendance` (`entryid`, `userid`, `action`, `timestamp`) VALUES
(2364, 269, 'exit', '2025-05-09 15:00:00'),
(2365, 269, 'entry', '2025-05-09 18:57:00'),
(2366, 269, 'exit', '2025-05-09 23:04:00'),
(2367, 270, 'entry', '2025-05-09 11:02:00'),
(2368, 270, 'exit', '2025-05-09 15:03:00'),
(2369, 270, 'entry', '2025-05-09 18:56:00'),
(2370, 270, 'exit', '2025-05-09 22:57:00'),
(2371, 13, 'entry', '2025-05-10 11:16:00'),
(2372, 13, 'exit', '2025-05-10 14:50:00'),
(2373, 13, 'entry', '2025-05-10 19:09:00'),
(2374, 13, 'exit', '2025-05-10 23:01:00'),
(2375, 209, 'entry', '2025-05-10 11:00:00'),
(2376, 209, 'exit', '2025-05-10 14:55:00'),
(2377, 209, 'entry', '2025-05-10 19:00:00'),
(2378, 209, 'exit', '2025-05-10 23:00:00'),
(2383, 270, 'entry', '2025-05-10 10:59:00'),
(2384, 270, 'exit', '2025-05-10 15:01:00'),
(2385, 270, 'entry', '2025-05-10 18:58:00'),
(2386, 270, 'exit', '2025-05-10 23:00:00'),
(2387, 209, 'entry', '2025-05-11 11:03:00'),
(2388, 209, 'exit', '2025-05-11 14:58:00'),
(2389, 209, 'entry', '2025-05-11 19:04:00'),
(2390, 209, 'exit', '2025-05-11 22:56:00'),
(2395, 269, 'entry', '2025-05-11 11:08:00'),
(2396, 269, 'exit', '2025-05-11 14:58:00'),
(2397, 269, 'entry', '2025-05-11 18:54:00'),
(2398, 269, 'exit', '2025-05-11 22:56:00'),
(2399, 270, 'entry', '2025-05-11 11:02:00'),
(2400, 270, 'exit', '2025-05-11 15:00:00'),
(2401, 270, 'entry', '2025-05-11 19:01:00'),
(2402, 270, 'exit', '2025-05-11 22:55:00'),
(2403, 209, 'entry', '2025-05-14 11:01:00'),
(2404, 209, 'exit', '2025-05-14 15:00:00'),
(2405, 209, 'entry', '2025-05-14 19:02:00'),
(2406, 209, 'exit', '2025-05-14 22:57:00'),
(2411, 269, 'entry', '2025-05-14 11:05:00'),
(2412, 269, 'exit', '2025-05-14 15:00:00'),
(2413, 270, 'entry', '2025-05-14 11:00:00'),
(2414, 270, 'exit', '2025-05-14 15:05:00'),
(2415, 270, 'entry', '2025-05-14 19:05:00'),
(2416, 270, 'exit', '2025-05-14 22:55:00'),
(2417, 13, 'entry', '2025-05-15 11:01:00'),
(2418, 13, 'exit', '2025-05-15 14:59:00'),
(2419, 209, 'entry', '2025-05-15 11:05:00'),
(2420, 209, 'exit', '2025-05-15 14:55:00'),
(2421, 209, 'entry', '2025-05-15 19:02:00'),
(2422, 209, 'exit', '2025-05-15 22:59:00'),
(2427, 269, 'entry', '2025-05-15 11:02:00'),
(2428, 269, 'exit', '2025-05-15 15:03:00'),
(2429, 269, 'entry', '2025-05-15 18:56:00'),
(2430, 269, 'exit', '2025-05-15 23:09:00'),
(2431, 270, 'entry', '2025-05-15 11:01:00'),
(2432, 270, 'exit', '2025-05-15 15:04:00'),
(2433, 270, 'entry', '2025-05-15 18:58:00'),
(2434, 270, 'exit', '2025-05-15 23:00:00'),
(2435, 13, 'entry', '2025-05-16 11:04:00'),
(2436, 13, 'exit', '2025-05-16 15:07:00'),
(2437, 209, 'entry', '2025-05-16 11:00:00'),
(2438, 209, 'exit', '2025-05-16 14:59:00'),
(2439, 209, 'entry', '2025-05-16 19:02:00'),
(2440, 209, 'exit', '2025-05-16 23:00:00'),
(2445, 269, 'entry', '2025-05-16 11:02:00'),
(2446, 269, 'exit', '2025-05-16 14:56:00'),
(2447, 269, 'entry', '2025-05-16 18:52:00'),
(2448, 269, 'exit', '2025-05-16 22:54:00'),
(2449, 270, 'entry', '2025-05-16 10:59:00'),
(2450, 270, 'exit', '2025-05-16 14:58:00'),
(2451, 270, 'entry', '2025-05-16 18:55:00'),
(2452, 270, 'exit', '2025-05-16 23:02:00'),
(2453, 13, 'entry', '2025-05-17 10:57:00'),
(2454, 13, 'exit', '2025-05-17 15:02:00'),
(2455, 209, 'entry', '2025-05-17 11:05:00'),
(2456, 209, 'exit', '2025-05-17 14:59:00'),
(2457, 209, 'entry', '2025-05-17 19:02:00'),
(2458, 209, 'exit', '2025-05-17 23:00:00'),
(2463, 269, 'entry', '2025-05-17 11:03:00'),
(2464, 269, 'exit', '2025-05-17 14:56:00'),
(2465, 269, 'entry', '2025-05-17 19:00:00'),
(2466, 269, 'exit', '2025-05-17 22:54:00'),
(2467, 270, 'entry', '2025-05-17 10:57:00'),
(2468, 270, 'exit', '2025-05-17 14:58:00'),
(2469, 270, 'entry', '2025-05-17 18:56:00'),
(2470, 270, 'exit', '2025-05-17 22:58:00'),
(2471, 13, 'entry', '2025-05-18 11:05:00'),
(2472, 13, 'exit', '2025-05-18 14:59:00'),
(2473, 13, 'entry', '2025-05-18 19:19:00'),
(2474, 13, 'exit', '2025-05-18 22:52:00'),
(2475, 209, 'entry', '2025-05-18 11:05:00'),
(2476, 209, 'exit', '2025-05-18 14:57:00'),
(2477, 209, 'entry', '2025-05-18 19:03:00'),
(2478, 209, 'exit', '2025-05-18 22:56:00'),
(2483, 269, 'entry', '2025-05-18 11:00:00'),
(2484, 269, 'exit', '2025-05-18 15:02:00'),
(2485, 269, 'entry', '2025-05-18 19:03:00'),
(2486, 269, 'exit', '2025-05-18 22:52:00'),
(2487, 270, 'entry', '2025-05-18 11:04:00'),
(2488, 270, 'exit', '2025-05-18 14:57:00'),
(2489, 270, 'entry', '2025-05-18 18:57:00'),
(2490, 270, 'exit', '2025-05-18 22:55:00'),
(2491, 209, 'entry', '2025-05-21 11:03:00'),
(2492, 209, 'exit', '2025-05-21 14:58:00'),
(2493, 209, 'entry', '2025-05-21 19:01:00'),
(2494, 209, 'exit', '2025-05-21 22:57:00'),
(2499, 269, 'entry', '2025-05-21 11:08:00'),
(2500, 269, 'exit', '2025-05-21 15:01:00'),
(2501, 269, 'entry', '2025-05-21 18:52:00'),
(2502, 269, 'exit', '2025-05-21 23:06:00'),
(2503, 270, 'entry', '2025-05-21 11:03:00'),
(2504, 270, 'exit', '2025-05-21 15:02:00'),
(2505, 270, 'entry', '2025-05-21 18:58:00'),
(2506, 270, 'exit', '2025-05-21 23:00:00'),
(2507, 13, 'entry', '2025-05-22 11:18:00'),
(2508, 13, 'exit', '2025-05-22 14:55:00'),
(2509, 13, 'entry', '2025-05-22 19:06:00'),
(2510, 13, 'exit', '2025-05-22 22:55:00'),
(2511, 209, 'entry', '2025-05-22 11:00:00'),
(2512, 209, 'exit', '2025-05-22 15:00:00'),
(2513, 209, 'entry', '2025-05-22 19:00:00'),
(2514, 209, 'exit', '2025-05-22 22:55:00'),
(2519, 269, 'entry', '2025-05-22 11:03:00'),
(2520, 269, 'exit', '2025-05-22 14:56:00'),
(2521, 269, 'entry', '2025-05-22 19:07:00'),
(2522, 269, 'exit', '2025-05-22 23:07:00'),
(2523, 270, 'entry', '2025-05-22 11:00:00'),
(2524, 270, 'exit', '2025-05-22 14:59:00'),
(2525, 270, 'entry', '2025-05-22 18:59:00'),
(2526, 270, 'exit', '2025-05-22 22:59:00'),
(2527, 13, 'entry', '2025-05-23 11:16:00'),
(2528, 13, 'exit', '2025-05-23 15:02:00'),
(2529, 209, 'entry', '2025-05-23 11:03:00'),
(2530, 209, 'exit', '2025-05-23 14:56:00'),
(2531, 209, 'entry', '2025-05-23 19:02:00'),
(2532, 209, 'exit', '2025-05-23 23:00:00'),
(2537, 270, 'entry', '2025-05-23 10:59:00'),
(2538, 270, 'exit', '2025-05-23 15:04:00'),
(2539, 270, 'entry', '2025-05-23 18:55:00'),
(2540, 270, 'exit', '2025-05-23 23:03:00'),
(2541, 209, 'entry', '2025-05-24 11:03:00'),
(2542, 209, 'exit', '2025-05-24 14:58:00'),
(2543, 209, 'entry', '2025-05-24 19:02:00'),
(2544, 209, 'exit', '2025-05-24 22:58:00'),
(2549, 269, 'entry', '2025-05-24 10:55:00'),
(2550, 269, 'exit', '2025-05-24 15:04:00'),
(2551, 270, 'entry', '2025-05-24 10:55:00'),
(2552, 270, 'exit', '2025-05-24 14:57:00'),
(2553, 270, 'entry', '2025-05-24 19:00:00'),
(2554, 270, 'exit', '2025-05-24 23:04:00'),
(2555, 209, 'entry', '2025-05-25 11:05:00'),
(2556, 209, 'exit', '2025-05-25 14:55:00'),
(2557, 209, 'entry', '2025-05-25 19:04:00'),
(2558, 209, 'exit', '2025-05-25 22:59:00'),
(2563, 270, 'entry', '2025-05-25 11:02:00'),
(2564, 270, 'exit', '2025-05-25 14:57:00'),
(2565, 270, 'entry', '2025-05-25 18:58:00'),
(2566, 270, 'exit', '2025-05-25 23:02:00'),
(2567, 13, 'entry', '2025-05-28 11:13:00'),
(2568, 13, 'exit', '2025-05-28 15:06:00'),
(2569, 209, 'entry', '2025-05-28 11:01:00'),
(2570, 209, 'exit', '2025-05-28 14:59:00'),
(2571, 209, 'entry', '2025-05-28 19:03:00'),
(2572, 209, 'exit', '2025-05-28 23:00:00'),
(2577, 269, 'entry', '2025-05-28 11:01:00'),
(2578, 269, 'exit', '2025-05-28 15:01:00'),
(2579, 269, 'entry', '2025-05-28 19:03:00'),
(2580, 269, 'exit', '2025-05-28 23:03:00'),
(2581, 270, 'entry', '2025-05-28 11:03:00'),
(2582, 270, 'exit', '2025-05-28 15:04:00'),
(2583, 270, 'entry', '2025-05-28 18:57:00'),
(2584, 270, 'exit', '2025-05-28 22:57:00'),
(2585, 209, 'entry', '2025-05-29 11:01:00'),
(2586, 209, 'exit', '2025-05-29 14:58:00'),
(2587, 209, 'entry', '2025-05-29 19:04:00'),
(2588, 209, 'exit', '2025-05-29 22:59:00'),
(2593, 269, 'entry', '2025-05-29 11:07:00'),
(2594, 269, 'exit', '2025-05-29 14:58:00'),
(2595, 269, 'entry', '2025-05-29 18:54:00'),
(2596, 269, 'exit', '2025-05-29 22:59:00'),
(2597, 270, 'entry', '2025-05-29 10:58:00'),
(2598, 270, 'exit', '2025-05-29 14:57:00'),
(2599, 270, 'entry', '2025-05-29 19:00:00'),
(2600, 270, 'exit', '2025-05-29 23:02:00'),
(2601, 13, 'entry', '2025-05-30 10:59:00'),
(2602, 13, 'exit', '2025-05-30 15:01:00'),
(2603, 209, 'entry', '2025-05-30 11:04:00'),
(2604, 209, 'exit', '2025-05-30 14:57:00'),
(2605, 209, 'entry', '2025-05-30 19:03:00'),
(2606, 209, 'exit', '2025-05-30 22:57:00'),
(2611, 269, 'entry', '2025-05-30 10:57:00'),
(2612, 269, 'exit', '2025-05-30 15:05:00'),
(2613, 270, 'entry', '2025-05-30 11:05:00'),
(2614, 270, 'exit', '2025-05-30 14:59:00'),
(2615, 270, 'entry', '2025-05-30 18:55:00'),
(2616, 270, 'exit', '2025-05-30 23:00:00'),
(2617, 13, 'entry', '2025-05-31 11:11:00'),
(2618, 13, 'exit', '2025-05-31 15:06:00'),
(2619, 209, 'entry', '2025-05-31 11:04:00'),
(2620, 209, 'exit', '2025-05-31 14:56:00'),
(2621, 209, 'entry', '2025-05-31 19:05:00'),
(2622, 209, 'exit', '2025-05-31 22:56:00'),
(2627, 269, 'entry', '2025-05-31 10:53:00'),
(2628, 269, 'exit', '2025-05-31 15:02:00'),
(2629, 269, 'entry', '2025-05-31 18:59:00'),
(2630, 269, 'exit', '2025-05-31 23:05:00'),
(2631, 270, 'entry', '2025-05-31 10:55:00'),
(2632, 270, 'exit', '2025-05-31 14:58:00'),
(2633, 270, 'entry', '2025-05-31 19:01:00'),
(2634, 270, 'exit', '2025-05-31 23:03:00'),
(2635, 13, 'entry', '2025-06-01 10:58:00'),
(2636, 13, 'exit', '2025-06-01 14:51:00'),
(2637, 209, 'entry', '2025-06-01 11:03:00'),
(2638, 209, 'exit', '2025-06-01 15:00:00'),
(2639, 209, 'entry', '2025-06-01 19:04:00'),
(2640, 209, 'exit', '2025-06-01 22:55:00'),
(2645, 270, 'entry', '2025-06-01 10:59:00'),
(2646, 270, 'exit', '2025-06-01 15:04:00'),
(2647, 270, 'entry', '2025-06-01 18:56:00'),
(2648, 270, 'exit', '2025-06-01 22:57:00'),
(2649, 209, 'entry', '2025-06-04 11:04:00'),
(2650, 209, 'exit', '2025-06-04 14:57:00'),
(2651, 209, 'entry', '2025-06-04 19:00:00'),
(2652, 209, 'exit', '2025-06-04 22:58:00'),
(2657, 269, 'entry', '2025-06-04 10:52:00'),
(2658, 269, 'exit', '2025-06-04 14:57:00'),
(2659, 269, 'entry', '2025-06-04 19:04:00'),
(2660, 269, 'exit', '2025-06-04 23:04:00'),
(2661, 270, 'entry', '2025-06-04 11:01:00'),
(2662, 270, 'exit', '2025-06-04 14:59:00'),
(2663, 270, 'entry', '2025-06-04 19:01:00'),
(2664, 270, 'exit', '2025-06-04 23:01:00'),
(2665, 209, 'entry', '2025-06-05 11:04:00'),
(2666, 209, 'exit', '2025-06-05 14:56:00'),
(2667, 209, 'entry', '2025-06-05 19:03:00'),
(2668, 209, 'exit', '2025-06-05 22:56:00'),
(2673, 269, 'entry', '2025-06-05 11:00:00'),
(2674, 269, 'exit', '2025-06-05 14:56:00'),
(2675, 269, 'entry', '2025-06-05 18:57:00'),
(2676, 269, 'exit', '2025-06-05 22:53:00'),
(2677, 270, 'entry', '2025-06-05 10:57:00'),
(2678, 270, 'exit', '2025-06-05 15:01:00'),
(2679, 270, 'entry', '2025-06-05 19:00:00'),
(2680, 270, 'exit', '2025-06-05 23:02:00'),
(2681, 209, 'entry', '2025-06-06 11:04:00'),
(2682, 209, 'exit', '2025-06-06 14:55:00'),
(2683, 209, 'entry', '2025-06-06 19:04:00'),
(2684, 209, 'exit', '2025-06-06 22:55:00'),
(2689, 269, 'entry', '2025-06-06 10:51:00'),
(2690, 269, 'exit', '2025-06-06 15:01:00'),
(2691, 270, 'entry', '2025-06-06 11:00:00'),
(2692, 270, 'exit', '2025-06-06 15:01:00'),
(2693, 270, 'entry', '2025-06-06 19:02:00'),
(2694, 270, 'exit', '2025-06-06 23:00:00'),
(2695, 13, 'entry', '2025-06-07 10:58:00'),
(2696, 13, 'exit', '2025-06-07 14:57:00'),
(2697, 13, 'entry', '2025-06-07 19:07:00'),
(2698, 13, 'exit', '2025-06-07 23:07:00'),
(2699, 209, 'entry', '2025-06-07 11:01:00'),
(2700, 209, 'exit', '2025-06-07 14:58:00'),
(2701, 209, 'entry', '2025-06-07 19:05:00'),
(2702, 209, 'exit', '2025-06-07 22:56:00'),
(2707, 269, 'entry', '2025-06-07 10:57:00'),
(2708, 269, 'exit', '2025-06-07 15:04:00'),
(2709, 269, 'entry', '2025-06-07 18:58:00'),
(2710, 269, 'exit', '2025-06-07 22:59:00'),
(2711, 270, 'entry', '2025-06-07 11:04:00'),
(2712, 270, 'exit', '2025-06-07 14:59:00'),
(2713, 270, 'entry', '2025-06-07 19:03:00'),
(2714, 270, 'exit', '2025-06-07 23:00:00'),
(2715, 13, 'entry', '2025-06-08 11:06:00'),
(2716, 13, 'exit', '2025-06-08 14:52:00'),
(2717, 13, 'entry', '2025-06-08 19:03:00'),
(2718, 13, 'exit', '2025-06-08 22:50:00'),
(2719, 209, 'entry', '2025-06-08 11:02:00'),
(2720, 209, 'exit', '2025-06-08 14:56:00'),
(2721, 209, 'entry', '2025-06-08 19:02:00'),
(2722, 209, 'exit', '2025-06-08 22:59:00'),
(2727, 269, 'entry', '2025-06-08 11:03:00'),
(2728, 269, 'exit', '2025-06-08 14:55:00'),
(2729, 269, 'entry', '2025-06-08 18:54:00'),
(2730, 269, 'exit', '2025-06-08 23:00:00'),
(2731, 270, 'entry', '2025-06-08 11:05:00'),
(2732, 270, 'exit', '2025-06-08 15:05:00'),
(2733, 270, 'entry', '2025-06-08 19:02:00'),
(2734, 270, 'exit', '2025-06-08 23:01:00'),
(2735, 209, 'entry', '2025-06-11 11:03:00'),
(2736, 209, 'exit', '2025-06-11 15:00:00'),
(2737, 209, 'entry', '2025-06-11 19:02:00'),
(2738, 209, 'exit', '2025-06-11 22:55:00'),
(2743, 269, 'entry', '2025-06-11 11:09:00'),
(2744, 269, 'exit', '2025-06-11 15:03:00'),
(2745, 270, 'entry', '2025-06-11 11:03:00'),
(2746, 270, 'exit', '2025-06-11 14:58:00'),
(2747, 270, 'entry', '2025-06-11 18:59:00'),
(2748, 270, 'exit', '2025-06-11 23:00:00'),
(2749, 209, 'entry', '2025-06-12 11:00:00'),
(2750, 209, 'exit', '2025-06-12 14:59:00'),
(2751, 209, 'entry', '2025-06-12 19:05:00'),
(2752, 209, 'exit', '2025-06-12 22:59:00'),
(2757, 269, 'entry', '2025-06-12 11:04:00'),
(2758, 269, 'exit', '2025-06-12 15:01:00'),
(2759, 269, 'entry', '2025-06-12 19:04:00'),
(2760, 269, 'exit', '2025-06-12 23:00:00'),
(2761, 270, 'entry', '2025-06-12 10:56:00'),
(2762, 270, 'exit', '2025-06-12 14:55:00'),
(2763, 270, 'entry', '2025-06-12 19:05:00'),
(2764, 270, 'exit', '2025-06-12 23:01:00'),
(2765, 13, 'entry', '2025-06-13 10:56:00'),
(2766, 13, 'exit', '2025-06-13 15:10:00'),
(2767, 13, 'entry', '2025-06-13 19:20:00'),
(2768, 13, 'exit', '2025-06-13 23:05:00'),
(2769, 209, 'entry', '2025-06-13 11:02:00'),
(2770, 209, 'exit', '2025-06-13 14:58:00'),
(2771, 209, 'entry', '2025-06-13 19:04:00'),
(2772, 209, 'exit', '2025-06-13 22:55:00'),
(2777, 270, 'entry', '2025-06-13 10:56:00'),
(2778, 270, 'exit', '2025-06-13 15:01:00'),
(2779, 270, 'entry', '2025-06-13 18:57:00'),
(2780, 270, 'exit', '2025-06-13 22:59:00'),
(2781, 13, 'entry', '2025-06-14 11:08:00'),
(2782, 13, 'exit', '2025-06-14 15:03:00'),
(2783, 13, 'entry', '2025-06-14 19:00:00'),
(2784, 13, 'exit', '2025-06-14 23:06:00'),
(2785, 209, 'entry', '2025-06-14 11:03:00'),
(2786, 209, 'exit', '2025-06-14 14:58:00'),
(2787, 209, 'entry', '2025-06-14 19:02:00'),
(2788, 209, 'exit', '2025-06-14 22:56:00'),
(2793, 269, 'entry', '2025-06-14 10:56:00'),
(2794, 269, 'exit', '2025-06-14 15:01:00'),
(2795, 270, 'entry', '2025-06-14 11:05:00'),
(2796, 270, 'exit', '2025-06-14 15:03:00'),
(2797, 270, 'entry', '2025-06-14 18:59:00'),
(2798, 270, 'exit', '2025-06-14 23:05:00'),
(2799, 209, 'entry', '2025-06-15 11:00:00'),
(2800, 209, 'exit', '2025-06-15 14:57:00'),
(2801, 209, 'entry', '2025-06-15 19:03:00'),
(2802, 209, 'exit', '2025-06-15 22:55:00'),
(2807, 270, 'entry', '2025-06-15 10:56:00'),
(2808, 270, 'exit', '2025-06-15 14:58:00'),
(2809, 270, 'entry', '2025-06-15 19:05:00'),
(2810, 270, 'exit', '2025-06-15 23:04:00'),
(2811, 13, 'entry', '2025-06-18 10:55:00'),
(2812, 13, 'exit', '2025-06-18 14:53:00'),
(2813, 209, 'entry', '2025-06-18 11:00:00'),
(2814, 209, 'exit', '2025-06-18 14:55:00'),
(2815, 209, 'entry', '2025-06-18 19:05:00'),
(2816, 209, 'exit', '2025-06-18 22:56:00'),
(2821, 269, 'entry', '2025-06-18 11:09:00'),
(2822, 269, 'exit', '2025-06-18 15:04:00'),
(2823, 269, 'entry', '2025-06-18 19:05:00'),
(2824, 269, 'exit', '2025-06-18 22:56:00'),
(2825, 270, 'entry', '2025-06-18 10:56:00'),
(2826, 270, 'exit', '2025-06-18 15:03:00'),
(2827, 270, 'entry', '2025-06-18 19:00:00'),
(2828, 270, 'exit', '2025-06-18 23:04:00'),
(2829, 13, 'entry', '2025-06-19 11:17:00'),
(2830, 13, 'exit', '2025-06-19 15:02:00'),
(2831, 13, 'entry', '2025-06-19 19:15:00'),
(2832, 13, 'exit', '2025-06-19 22:57:00'),
(2833, 209, 'entry', '2025-06-19 11:00:00'),
(2834, 209, 'exit', '2025-06-19 14:59:00'),
(2835, 209, 'entry', '2025-06-19 19:00:00'),
(2836, 209, 'exit', '2025-06-19 22:58:00'),
(2841, 269, 'entry', '2025-06-19 10:56:00'),
(2842, 269, 'exit', '2025-06-19 15:04:00'),
(2843, 270, 'entry', '2025-06-19 11:01:00'),
(2844, 270, 'exit', '2025-06-19 14:57:00'),
(2845, 270, 'entry', '2025-06-19 19:02:00'),
(2846, 270, 'exit', '2025-06-19 23:03:00'),
(2847, 13, 'entry', '2025-06-20 11:14:00'),
(2848, 13, 'exit', '2025-06-20 15:02:00'),
(2849, 209, 'entry', '2025-06-20 11:05:00'),
(2850, 209, 'exit', '2025-06-20 15:00:00'),
(2851, 209, 'entry', '2025-06-20 19:01:00'),
(2852, 209, 'exit', '2025-06-20 22:57:00'),
(2857, 269, 'entry', '2025-06-20 11:02:00'),
(2858, 269, 'exit', '2025-06-20 15:04:00'),
(2859, 269, 'entry', '2025-06-20 19:10:00'),
(2860, 269, 'exit', '2025-06-20 23:06:00'),
(2861, 270, 'entry', '2025-06-20 10:56:00'),
(2862, 270, 'exit', '2025-06-20 15:04:00'),
(2863, 270, 'entry', '2025-06-20 18:57:00'),
(2864, 270, 'exit', '2025-06-20 23:02:00'),
(2865, 209, 'entry', '2025-06-21 11:05:00'),
(2866, 209, 'exit', '2025-06-21 15:00:00'),
(2867, 209, 'entry', '2025-06-21 19:01:00'),
(2868, 209, 'exit', '2025-06-21 22:57:00'),
(2873, 269, 'entry', '2025-06-21 10:55:00'),
(2874, 269, 'exit', '2025-06-21 14:59:00'),
(2875, 269, 'entry', '2025-06-21 18:55:00'),
(2876, 269, 'exit', '2025-06-21 23:00:00'),
(2877, 270, 'entry', '2025-06-21 11:02:00'),
(2878, 270, 'exit', '2025-06-21 15:03:00'),
(2879, 270, 'entry', '2025-06-21 18:58:00'),
(2880, 270, 'exit', '2025-06-21 23:02:00'),
(2881, 209, 'entry', '2025-06-22 11:02:00'),
(2882, 209, 'exit', '2025-06-22 14:58:00'),
(2883, 209, 'entry', '2025-06-22 19:02:00'),
(2884, 209, 'exit', '2025-06-22 23:00:00'),
(2889, 269, 'entry', '2025-06-22 11:02:00'),
(2890, 269, 'exit', '2025-06-22 14:57:00'),
(2891, 269, 'entry', '2025-06-22 18:59:00'),
(2892, 269, 'exit', '2025-06-22 23:06:00'),
(2893, 270, 'entry', '2025-06-22 10:55:00'),
(2894, 270, 'exit', '2025-06-22 15:02:00'),
(2895, 270, 'entry', '2025-06-22 18:56:00'),
(2896, 270, 'exit', '2025-06-22 23:02:00'),
(2897, 209, 'entry', '2025-06-25 11:00:00'),
(2898, 209, 'exit', '2025-06-25 14:56:00'),
(2899, 209, 'entry', '2025-06-25 19:01:00'),
(2900, 209, 'exit', '2025-06-25 22:57:00'),
(2905, 269, 'entry', '2025-06-25 11:09:00'),
(2906, 269, 'exit', '2025-06-25 15:05:00'),
(2907, 269, 'entry', '2025-06-25 19:07:00'),
(2908, 269, 'exit', '2025-06-25 22:56:00'),
(2909, 270, 'entry', '2025-06-25 11:01:00'),
(2910, 270, 'exit', '2025-06-25 15:05:00'),
(2911, 270, 'entry', '2025-06-25 18:55:00'),
(2912, 270, 'exit', '2025-06-25 23:00:00'),
(2913, 13, 'entry', '2025-06-26 10:50:00'),
(2914, 13, 'exit', '2025-06-26 15:06:00'),
(2915, 13, 'entry', '2025-06-26 19:11:00'),
(2916, 13, 'exit', '2025-06-26 22:59:00'),
(2917, 209, 'entry', '2025-06-26 11:05:00'),
(2918, 209, 'exit', '2025-06-26 14:57:00'),
(2919, 209, 'entry', '2025-06-26 19:02:00'),
(2920, 209, 'exit', '2025-06-26 22:56:00'),
(2925, 269, 'entry', '2025-06-26 10:57:00'),
(2926, 269, 'exit', '2025-06-26 14:58:00'),
(2927, 270, 'entry', '2025-06-26 10:56:00'),
(2928, 270, 'exit', '2025-06-26 15:04:00'),
(2929, 270, 'entry', '2025-06-26 18:58:00'),
(2930, 270, 'exit', '2025-06-26 22:58:00'),
(2931, 13, 'entry', '2025-06-27 11:11:00'),
(2932, 13, 'exit', '2025-06-27 15:08:00'),
(2933, 209, 'entry', '2025-06-27 11:00:00'),
(2934, 209, 'exit', '2025-06-27 14:56:00'),
(2935, 209, 'entry', '2025-06-27 19:05:00'),
(2936, 209, 'exit', '2025-06-27 22:59:00'),
(2941, 269, 'entry', '2025-06-27 11:08:00'),
(2942, 269, 'exit', '2025-06-27 14:56:00'),
(2943, 269, 'entry', '2025-06-27 19:01:00'),
(2944, 269, 'exit', '2025-06-27 23:10:00'),
(2945, 270, 'entry', '2025-06-27 10:58:00'),
(2946, 270, 'exit', '2025-06-27 14:59:00'),
(2947, 270, 'entry', '2025-06-27 18:56:00'),
(2948, 270, 'exit', '2025-06-27 23:01:00'),
(2949, 13, 'entry', '2025-06-28 11:01:00'),
(2950, 13, 'exit', '2025-06-28 15:05:00'),
(2951, 209, 'entry', '2025-06-28 11:03:00'),
(2952, 209, 'exit', '2025-06-28 14:58:00'),
(2953, 209, 'entry', '2025-06-28 19:02:00'),
(2954, 209, 'exit', '2025-06-28 22:58:00'),
(2959, 269, 'entry', '2025-06-28 11:09:00'),
(2960, 269, 'exit', '2025-06-28 15:01:00'),
(2961, 269, 'entry', '2025-06-28 19:09:00'),
(2962, 269, 'exit', '2025-06-28 22:55:00'),
(2963, 270, 'entry', '2025-06-28 11:00:00'),
(2964, 270, 'exit', '2025-06-28 15:00:00'),
(2965, 270, 'entry', '2025-06-28 18:58:00'),
(2966, 270, 'exit', '2025-06-28 23:05:00'),
(2967, 13, 'entry', '2025-06-29 10:51:00'),
(2968, 13, 'exit', '2025-06-29 14:55:00'),
(2969, 209, 'entry', '2025-06-29 11:01:00'),
(2970, 209, 'exit', '2025-06-29 15:00:00'),
(2971, 209, 'entry', '2025-06-29 19:02:00'),
(2972, 209, 'exit', '2025-06-29 22:59:00'),
(2977, 269, 'entry', '2025-06-29 11:10:00'),
(2978, 269, 'exit', '2025-06-29 15:05:00'),
(2979, 269, 'entry', '2025-06-29 18:56:00'),
(2980, 269, 'exit', '2025-06-29 23:03:00'),
(2981, 270, 'entry', '2025-06-29 11:00:00'),
(2982, 270, 'exit', '2025-06-29 14:56:00'),
(2983, 270, 'entry', '2025-06-29 19:01:00'),
(2984, 270, 'exit', '2025-06-29 22:59:00'),
(3245, 268, 'entry', '2025-01-01 09:16:00'),
(3246, 268, 'exit', '2025-01-01 17:31:00'),
(3247, 268, 'entry', '2025-01-02 09:41:00'),
(3248, 268, 'exit', '2025-01-02 20:18:00'),
(3249, 268, 'entry', '2025-01-03 09:56:00'),
(3250, 268, 'exit', '2025-01-03 20:23:00'),
(3251, 268, 'entry', '2025-01-04 10:41:00'),
(3252, 268, 'exit', '2025-01-04 21:09:00'),
(3253, 268, 'entry', '2025-01-05 10:09:00'),
(3254, 268, 'exit', '2025-01-05 18:31:00'),
(3255, 268, 'entry', '2025-01-08 10:58:00'),
(3256, 268, 'exit', '2025-01-08 14:56:00'),
(3257, 268, 'entry', '2025-01-08 19:03:00'),
(3258, 268, 'exit', '2025-01-08 23:04:00'),
(3259, 268, 'entry', '2025-01-09 10:17:00'),
(3260, 268, 'exit', '2025-01-09 18:29:00'),
(3261, 268, 'entry', '2025-01-10 10:22:00'),
(3262, 268, 'exit', '2025-01-10 19:24:00'),
(3263, 268, 'entry', '2025-01-11 09:20:00'),
(3264, 268, 'exit', '2025-01-11 17:51:00'),
(3265, 268, 'entry', '2025-01-12 10:01:00'),
(3266, 268, 'exit', '2025-01-12 18:28:00'),
(3267, 268, 'entry', '2025-01-15 10:58:00'),
(3268, 268, 'exit', '2025-01-15 21:07:00'),
(3269, 268, 'entry', '2025-01-16 11:01:00'),
(3270, 268, 'exit', '2025-01-16 15:00:00'),
(3271, 268, 'entry', '2025-01-16 18:56:00'),
(3272, 268, 'exit', '2025-01-16 22:55:00'),
(3273, 268, 'entry', '2025-01-17 10:51:00'),
(3274, 268, 'exit', '2025-01-17 15:05:00'),
(3275, 268, 'entry', '2025-01-17 18:57:00'),
(3276, 268, 'exit', '2025-01-17 23:04:00'),
(3277, 268, 'entry', '2025-01-18 09:19:00'),
(3278, 268, 'exit', '2025-01-18 17:30:00'),
(3279, 268, 'entry', '2025-01-19 11:03:00'),
(3280, 268, 'exit', '2025-01-19 15:00:00'),
(3281, 268, 'entry', '2025-01-19 19:05:00'),
(3282, 268, 'exit', '2025-01-19 22:57:00'),
(3283, 268, 'entry', '2025-01-22 09:26:00'),
(3284, 268, 'exit', '2025-01-22 19:52:00'),
(3285, 268, 'entry', '2025-01-23 10:07:00'),
(3286, 268, 'exit', '2025-01-23 20:39:00'),
(3287, 268, 'entry', '2025-01-24 10:59:00'),
(3288, 268, 'exit', '2025-01-24 14:58:00'),
(3289, 268, 'entry', '2025-01-24 18:56:00'),
(3290, 268, 'exit', '2025-01-24 23:00:00'),
(3291, 268, 'entry', '2025-01-25 10:56:00'),
(3292, 268, 'exit', '2025-01-25 15:00:00'),
(3293, 268, 'entry', '2025-01-25 19:02:00'),
(3294, 268, 'exit', '2025-01-25 22:56:00'),
(3295, 268, 'entry', '2025-01-26 10:59:00'),
(3296, 268, 'exit', '2025-01-26 15:05:00'),
(3297, 268, 'entry', '2025-01-26 19:05:00'),
(3298, 268, 'exit', '2025-01-26 22:56:00'),
(3299, 268, 'entry', '2025-01-29 10:35:00'),
(3300, 268, 'exit', '2025-01-29 20:11:00'),
(3301, 268, 'entry', '2025-01-30 09:02:00'),
(3302, 268, 'exit', '2025-01-30 18:19:00'),
(3303, 268, 'entry', '2025-01-31 10:51:00'),
(3304, 268, 'exit', '2025-01-31 15:02:00'),
(3305, 268, 'entry', '2025-01-31 18:58:00'),
(3306, 268, 'exit', '2025-01-31 22:55:00'),
(3307, 268, 'entry', '2025-02-01 09:41:00'),
(3308, 268, 'exit', '2025-02-01 19:57:00'),
(3309, 268, 'entry', '2025-02-02 09:37:00'),
(3310, 268, 'exit', '2025-02-02 19:15:00'),
(3311, 268, 'entry', '2025-02-05 09:10:00'),
(3312, 268, 'exit', '2025-02-05 17:46:00'),
(3313, 268, 'entry', '2025-02-06 10:04:00'),
(3314, 268, 'exit', '2025-02-06 20:39:00'),
(3315, 268, 'entry', '2025-02-07 10:23:00'),
(3316, 268, 'exit', '2025-02-07 20:40:00'),
(3317, 268, 'entry', '2025-02-08 09:36:00'),
(3318, 268, 'exit', '2025-02-08 18:50:00'),
(3319, 268, 'entry', '2025-02-09 10:56:00'),
(3320, 268, 'exit', '2025-02-09 21:20:00'),
(3321, 268, 'entry', '2025-02-12 11:00:00'),
(3322, 268, 'exit', '2025-02-12 14:58:00'),
(3323, 268, 'entry', '2025-02-12 18:59:00'),
(3324, 268, 'exit', '2025-02-12 22:56:00'),
(3325, 268, 'entry', '2025-02-13 10:51:00'),
(3326, 268, 'exit', '2025-02-13 15:00:00'),
(3327, 268, 'entry', '2025-02-13 18:56:00'),
(3328, 268, 'exit', '2025-02-13 23:02:00'),
(3329, 268, 'entry', '2025-02-14 10:57:00'),
(3330, 268, 'exit', '2025-02-14 15:05:00'),
(3331, 268, 'entry', '2025-02-14 19:05:00'),
(3332, 268, 'exit', '2025-02-14 22:56:00'),
(3333, 268, 'entry', '2025-02-15 10:36:00'),
(3334, 268, 'exit', '2025-02-15 21:10:00'),
(3335, 268, 'entry', '2025-02-16 10:05:00'),
(3336, 268, 'exit', '2025-02-16 19:45:00'),
(3337, 268, 'entry', '2025-02-19 10:02:00'),
(3338, 268, 'exit', '2025-02-19 19:21:00'),
(3339, 268, 'entry', '2025-02-20 11:02:00'),
(3340, 268, 'exit', '2025-02-20 14:59:00'),
(3341, 268, 'entry', '2025-02-20 19:04:00'),
(3342, 268, 'exit', '2025-02-20 22:58:00'),
(3343, 268, 'entry', '2025-02-21 10:06:00'),
(3344, 268, 'exit', '2025-02-21 18:54:00'),
(3345, 268, 'entry', '2025-02-22 10:58:00'),
(3346, 268, 'exit', '2025-02-22 14:56:00'),
(3347, 268, 'entry', '2025-02-22 18:56:00'),
(3348, 268, 'exit', '2025-02-22 22:55:00'),
(3349, 268, 'entry', '2025-02-23 10:56:00'),
(3350, 268, 'exit', '2025-02-23 15:02:00'),
(3351, 268, 'entry', '2025-02-23 19:03:00'),
(3352, 268, 'exit', '2025-02-23 23:00:00'),
(3353, 268, 'entry', '2025-02-26 10:56:00'),
(3354, 268, 'exit', '2025-02-26 15:00:00'),
(3355, 268, 'entry', '2025-02-26 18:59:00'),
(3356, 268, 'exit', '2025-02-26 22:58:00'),
(3357, 268, 'entry', '2025-02-27 09:57:00'),
(3358, 268, 'exit', '2025-02-27 19:04:00'),
(3359, 268, 'entry', '2025-02-28 10:44:00'),
(3360, 268, 'exit', '2025-02-28 20:46:00'),
(3361, 268, 'entry', '2025-03-01 09:03:00'),
(3362, 268, 'exit', '2025-03-01 17:49:00'),
(3363, 268, 'entry', '2025-03-02 10:51:00'),
(3364, 268, 'exit', '2025-03-02 14:58:00'),
(3365, 268, 'entry', '2025-03-02 18:57:00'),
(3366, 268, 'exit', '2025-03-02 22:57:00'),
(3367, 268, 'entry', '2025-03-05 11:04:00'),
(3368, 268, 'exit', '2025-03-05 14:58:00'),
(3369, 268, 'entry', '2025-03-05 18:58:00'),
(3370, 268, 'exit', '2025-03-05 23:00:00'),
(3371, 268, 'entry', '2025-03-06 10:38:00'),
(3372, 268, 'exit', '2025-03-06 21:04:00'),
(3373, 268, 'entry', '2025-03-07 10:54:00'),
(3374, 268, 'exit', '2025-03-07 14:55:00'),
(3375, 268, 'entry', '2025-03-07 19:02:00'),
(3376, 268, 'exit', '2025-03-07 23:05:00'),
(3377, 268, 'entry', '2025-03-08 10:50:00'),
(3378, 268, 'exit', '2025-03-08 14:58:00'),
(3379, 268, 'entry', '2025-03-08 18:59:00'),
(3380, 268, 'exit', '2025-03-08 23:03:00'),
(3381, 268, 'entry', '2025-03-09 10:23:00'),
(3382, 268, 'exit', '2025-03-09 20:16:00'),
(3383, 268, 'entry', '2025-03-12 10:54:00'),
(3384, 268, 'exit', '2025-03-12 20:23:00'),
(3385, 268, 'entry', '2025-03-13 10:54:00'),
(3386, 268, 'exit', '2025-03-13 14:57:00'),
(3387, 268, 'entry', '2025-03-13 18:58:00'),
(3388, 268, 'exit', '2025-03-13 23:00:00'),
(3389, 268, 'entry', '2025-03-14 11:00:00'),
(3390, 268, 'exit', '2025-03-14 15:00:00'),
(3391, 268, 'entry', '2025-03-14 18:58:00'),
(3392, 268, 'exit', '2025-03-14 23:00:00'),
(3393, 268, 'entry', '2025-03-15 10:36:00'),
(3394, 268, 'exit', '2025-03-15 20:29:00'),
(3395, 268, 'entry', '2025-03-16 11:02:00'),
(3396, 268, 'exit', '2025-03-16 14:59:00'),
(3397, 268, 'entry', '2025-03-16 19:00:00'),
(3398, 268, 'exit', '2025-03-16 23:02:00'),
(3399, 268, 'entry', '2025-03-19 10:35:00'),
(3400, 268, 'exit', '2025-03-19 21:12:00'),
(3401, 268, 'entry', '2025-03-20 10:51:00'),
(3402, 268, 'exit', '2025-03-20 15:03:00'),
(3403, 268, 'entry', '2025-03-20 18:55:00'),
(3404, 268, 'exit', '2025-03-20 23:02:00'),
(3405, 268, 'entry', '2025-03-21 10:42:00'),
(3406, 268, 'exit', '2025-03-21 19:32:00'),
(3407, 268, 'entry', '2025-03-22 10:43:00'),
(3408, 268, 'exit', '2025-03-22 19:26:00'),
(3409, 268, 'entry', '2025-03-23 09:36:00'),
(3410, 268, 'exit', '2025-03-23 19:09:00'),
(3411, 268, 'entry', '2025-03-26 09:46:00'),
(3412, 268, 'exit', '2025-03-26 18:28:00'),
(3413, 268, 'entry', '2025-03-27 10:59:00'),
(3414, 268, 'exit', '2025-03-27 14:57:00'),
(3415, 268, 'entry', '2025-03-27 18:57:00'),
(3416, 268, 'exit', '2025-03-27 23:03:00'),
(3417, 268, 'entry', '2025-03-28 11:01:00'),
(3418, 268, 'exit', '2025-03-28 14:56:00'),
(3419, 268, 'entry', '2025-03-28 19:05:00'),
(3420, 268, 'exit', '2025-03-28 22:59:00'),
(3421, 268, 'entry', '2025-03-29 09:07:00'),
(3422, 268, 'exit', '2025-03-29 19:09:00'),
(3423, 268, 'entry', '2025-03-30 09:41:00'),
(3424, 268, 'exit', '2025-03-30 18:12:00'),
(3425, 268, 'entry', '2025-04-02 10:59:00'),
(3426, 268, 'exit', '2025-04-02 14:59:00'),
(3427, 268, 'entry', '2025-04-02 19:05:00'),
(3428, 268, 'exit', '2025-04-02 23:01:00'),
(3429, 268, 'entry', '2025-04-03 11:05:00'),
(3430, 268, 'exit', '2025-04-03 15:03:00'),
(3431, 268, 'entry', '2025-04-03 19:02:00'),
(3432, 268, 'exit', '2025-04-03 22:58:00'),
(3433, 268, 'entry', '2025-04-04 09:39:00'),
(3434, 268, 'exit', '2025-04-04 20:10:00'),
(3435, 268, 'entry', '2025-04-05 11:04:00'),
(3436, 268, 'exit', '2025-04-05 15:00:00'),
(3437, 268, 'entry', '2025-04-05 19:00:00'),
(3438, 268, 'exit', '2025-04-05 23:03:00'),
(3439, 268, 'entry', '2025-04-06 09:51:00'),
(3440, 268, 'exit', '2025-04-06 19:32:00'),
(3441, 268, 'entry', '2025-04-09 10:52:00'),
(3442, 268, 'exit', '2025-04-09 14:56:00'),
(3443, 268, 'entry', '2025-04-09 19:04:00'),
(3444, 268, 'exit', '2025-04-09 22:57:00'),
(3445, 268, 'entry', '2025-04-10 11:02:00'),
(3446, 268, 'exit', '2025-04-10 15:03:00'),
(3447, 268, 'entry', '2025-04-10 19:03:00'),
(3448, 268, 'exit', '2025-04-10 22:57:00'),
(3449, 268, 'entry', '2025-04-11 09:14:00'),
(3450, 268, 'exit', '2025-04-11 17:34:00'),
(3451, 268, 'entry', '2025-04-12 10:05:00'),
(3452, 268, 'exit', '2025-04-12 18:27:00'),
(3453, 268, 'entry', '2025-04-13 09:07:00'),
(3454, 268, 'exit', '2025-04-13 18:09:00'),
(3455, 268, 'entry', '2025-04-16 10:52:00'),
(3456, 268, 'exit', '2025-04-16 14:56:00'),
(3457, 268, 'entry', '2025-04-16 19:04:00'),
(3458, 268, 'exit', '2025-04-16 22:57:00'),
(3459, 268, 'entry', '2025-04-17 10:18:00'),
(3460, 268, 'exit', '2025-04-17 18:57:00'),
(3461, 268, 'entry', '2025-04-18 09:50:00'),
(3462, 268, 'exit', '2025-04-18 19:53:00'),
(3463, 268, 'entry', '2025-04-19 10:43:00'),
(3464, 268, 'exit', '2025-04-19 19:51:00'),
(3465, 268, 'entry', '2025-04-20 09:21:00'),
(3466, 268, 'exit', '2025-04-20 18:26:00'),
(3467, 268, 'entry', '2025-04-23 10:50:00'),
(3468, 268, 'exit', '2025-04-23 14:55:00'),
(3469, 268, 'entry', '2025-04-23 19:00:00'),
(3470, 268, 'exit', '2025-04-23 23:02:00'),
(3471, 268, 'entry', '2025-04-24 10:16:00'),
(3472, 268, 'exit', '2025-04-24 19:24:00'),
(3473, 268, 'entry', '2025-04-25 10:00:00'),
(3474, 268, 'exit', '2025-04-25 20:26:00'),
(3475, 268, 'entry', '2025-04-26 09:14:00'),
(3476, 268, 'exit', '2025-04-26 19:02:00'),
(3477, 268, 'entry', '2025-04-27 11:03:00'),
(3478, 268, 'exit', '2025-04-27 15:05:00'),
(3479, 268, 'entry', '2025-04-27 18:56:00'),
(3480, 268, 'exit', '2025-04-27 23:00:00'),
(3481, 268, 'entry', '2025-04-30 09:28:00'),
(3482, 268, 'exit', '2025-04-30 18:59:00'),
(3483, 268, 'entry', '2025-05-01 10:52:00'),
(3484, 268, 'exit', '2025-05-01 14:55:00'),
(3485, 268, 'entry', '2025-05-01 18:56:00'),
(3486, 268, 'exit', '2025-05-01 22:55:00'),
(3487, 268, 'entry', '2025-05-02 09:53:00'),
(3488, 268, 'exit', '2025-05-02 18:06:00'),
(3489, 268, 'entry', '2025-05-03 10:09:00'),
(3490, 268, 'exit', '2025-05-03 19:30:00'),
(3491, 268, 'entry', '2025-05-04 11:04:00'),
(3492, 268, 'exit', '2025-05-04 15:01:00'),
(3493, 268, 'entry', '2025-05-04 18:59:00'),
(3494, 268, 'exit', '2025-05-04 22:57:00'),
(3495, 268, 'entry', '2025-05-07 09:39:00'),
(3496, 268, 'exit', '2025-05-07 19:22:00'),
(3497, 268, 'entry', '2025-05-08 10:21:00'),
(3498, 268, 'exit', '2025-05-08 19:49:00'),
(3499, 268, 'entry', '2025-05-09 09:57:00'),
(3500, 268, 'exit', '2025-05-09 19:30:00'),
(3501, 268, 'entry', '2025-05-10 11:03:00'),
(3502, 268, 'exit', '2025-05-10 14:56:00'),
(3503, 268, 'entry', '2025-05-10 18:57:00'),
(3504, 268, 'exit', '2025-05-10 23:05:00'),
(3505, 268, 'entry', '2025-05-11 09:38:00'),
(3506, 268, 'exit', '2025-05-11 19:42:00'),
(3507, 268, 'entry', '2025-05-14 10:52:00'),
(3508, 268, 'exit', '2025-05-14 14:56:00'),
(3509, 268, 'entry', '2025-05-14 18:55:00'),
(3510, 268, 'exit', '2025-05-14 23:01:00'),
(3511, 268, 'entry', '2025-05-15 11:05:00'),
(3512, 268, 'exit', '2025-05-15 15:02:00'),
(3513, 268, 'entry', '2025-05-15 19:02:00'),
(3514, 268, 'exit', '2025-05-15 23:01:00'),
(3515, 268, 'entry', '2025-05-16 11:05:00'),
(3516, 268, 'exit', '2025-05-16 15:05:00'),
(3517, 268, 'entry', '2025-05-16 18:56:00'),
(3518, 268, 'exit', '2025-05-16 23:00:00'),
(3519, 268, 'entry', '2025-05-17 10:52:00'),
(3520, 268, 'exit', '2025-05-17 15:01:00'),
(3521, 268, 'entry', '2025-05-17 19:02:00'),
(3522, 268, 'exit', '2025-05-17 23:04:00'),
(3523, 268, 'entry', '2025-05-18 09:42:00'),
(3524, 268, 'exit', '2025-05-18 18:34:00'),
(3525, 268, 'entry', '2025-05-21 09:04:00'),
(3526, 268, 'exit', '2025-05-21 19:00:00'),
(3527, 268, 'entry', '2025-05-22 10:59:00'),
(3528, 268, 'exit', '2025-05-22 20:59:00'),
(3529, 268, 'entry', '2025-05-23 10:15:00'),
(3530, 268, 'exit', '2025-05-23 20:00:00'),
(3531, 268, 'entry', '2025-05-24 10:37:00'),
(3532, 268, 'exit', '2025-05-24 20:31:00'),
(3533, 268, 'entry', '2025-05-25 09:55:00'),
(3534, 268, 'exit', '2025-05-25 20:22:00'),
(3535, 268, 'entry', '2025-05-28 10:51:00'),
(3536, 268, 'exit', '2025-05-28 15:04:00'),
(3537, 268, 'entry', '2025-05-28 19:03:00'),
(3538, 268, 'exit', '2025-05-28 22:59:00'),
(3539, 268, 'entry', '2025-05-29 10:18:00'),
(3540, 268, 'exit', '2025-05-29 20:34:00'),
(3541, 268, 'entry', '2025-05-30 10:27:00'),
(3542, 268, 'exit', '2025-05-30 21:06:00'),
(3543, 268, 'entry', '2025-05-31 10:57:00'),
(3544, 268, 'exit', '2025-05-31 15:03:00'),
(3545, 268, 'entry', '2025-05-31 18:59:00'),
(3546, 268, 'exit', '2025-05-31 23:01:00'),
(3547, 268, 'entry', '2025-06-01 10:57:00'),
(3548, 268, 'exit', '2025-06-01 15:05:00'),
(3549, 268, 'entry', '2025-06-01 18:58:00'),
(3550, 268, 'exit', '2025-06-01 23:01:00'),
(3551, 268, 'entry', '2025-06-04 10:59:00'),
(3552, 268, 'exit', '2025-06-04 15:01:00'),
(3553, 268, 'entry', '2025-06-04 19:01:00'),
(3554, 268, 'exit', '2025-06-04 23:01:00'),
(3555, 268, 'entry', '2025-06-05 10:56:00'),
(3556, 268, 'exit', '2025-06-05 21:10:00'),
(3557, 268, 'entry', '2025-06-06 09:34:00'),
(3558, 268, 'exit', '2025-06-06 19:25:00'),
(3559, 268, 'entry', '2025-06-07 10:26:00'),
(3560, 268, 'exit', '2025-06-07 20:53:00'),
(3561, 268, 'entry', '2025-06-08 10:08:00'),
(3562, 268, 'exit', '2025-06-08 18:29:00'),
(3563, 268, 'entry', '2025-06-11 10:21:00'),
(3564, 268, 'exit', '2025-06-11 20:02:00'),
(3565, 268, 'entry', '2025-06-12 11:00:00'),
(3566, 268, 'exit', '2025-06-12 15:00:00'),
(3567, 268, 'entry', '2025-06-12 18:58:00'),
(3568, 268, 'exit', '2025-06-12 23:03:00'),
(3569, 268, 'entry', '2025-06-13 11:03:00'),
(3570, 268, 'exit', '2025-06-13 14:59:00'),
(3571, 268, 'entry', '2025-06-13 19:01:00'),
(3572, 268, 'exit', '2025-06-13 23:00:00'),
(3573, 268, 'entry', '2025-06-14 11:00:00'),
(3574, 268, 'exit', '2025-06-14 15:04:00'),
(3575, 268, 'entry', '2025-06-14 18:55:00'),
(3576, 268, 'exit', '2025-06-14 23:05:00'),
(3577, 268, 'entry', '2025-06-15 10:28:00'),
(3578, 268, 'exit', '2025-06-15 20:01:00'),
(3579, 268, 'entry', '2025-06-18 09:54:00'),
(3580, 268, 'exit', '2025-06-18 20:32:00'),
(3581, 268, 'entry', '2025-06-19 10:23:00'),
(3582, 268, 'exit', '2025-06-19 20:25:00'),
(3583, 268, 'entry', '2025-06-20 10:55:00'),
(3584, 268, 'exit', '2025-06-20 20:27:00'),
(3585, 268, 'entry', '2025-06-21 10:51:00'),
(3586, 268, 'exit', '2025-06-21 15:03:00'),
(3587, 268, 'entry', '2025-06-21 19:05:00'),
(3588, 268, 'exit', '2025-06-21 22:59:00'),
(3589, 268, 'entry', '2025-06-22 09:51:00'),
(3590, 268, 'exit', '2025-06-22 19:07:00'),
(3591, 268, 'entry', '2025-06-25 09:17:00'),
(3592, 268, 'exit', '2025-06-25 18:59:00'),
(3593, 268, 'entry', '2025-06-26 10:05:00'),
(3594, 268, 'exit', '2025-06-26 18:52:00'),
(3595, 268, 'entry', '2025-06-27 09:56:00'),
(3596, 268, 'exit', '2025-06-27 18:37:00'),
(3597, 268, 'entry', '2025-06-28 10:55:00'),
(3598, 268, 'exit', '2025-06-28 15:05:00'),
(3599, 268, 'entry', '2025-06-28 19:05:00'),
(3600, 268, 'exit', '2025-06-28 23:03:00'),
(3601, 268, 'entry', '2025-06-29 10:03:00'),
(3602, 268, 'exit', '2025-06-29 19:48:00'),
(3603, 13, 'entry', '2025-07-02 11:18:00'),
(3604, 13, 'exit', '2025-07-02 15:07:00'),
(3605, 13, 'entry', '2025-07-02 19:16:00'),
(3606, 13, 'exit', '2025-07-02 22:54:00'),
(3607, 13, 'entry', '2025-07-03 11:07:00'),
(3608, 13, 'exit', '2025-07-03 15:21:00'),
(3609, 13, 'entry', '2025-07-03 19:05:00'),
(3610, 13, 'exit', '2025-07-03 23:08:00'),
(3611, 13, 'entry', '2025-07-05 11:22:00'),
(3612, 13, 'exit', '2025-07-05 15:10:00'),
(3613, 13, 'entry', '2025-07-05 19:13:00'),
(3614, 13, 'exit', '2025-07-05 22:59:00'),
(3615, 13, 'entry', '2025-07-06 11:11:00'),
(3616, 13, 'exit', '2025-07-06 15:23:00'),
(3617, 13, 'entry', '2025-07-06 19:19:00'),
(3618, 13, 'exit', '2025-07-06 23:05:00'),
(3619, 13, 'entry', '2025-07-10 11:09:00'),
(3620, 13, 'exit', '2025-07-10 15:03:00'),
(3621, 13, 'entry', '2025-07-10 19:20:00'),
(3622, 13, 'exit', '2025-07-10 22:57:00'),
(3623, 209, 'entry', '2025-07-02 10:57:00'),
(3624, 209, 'exit', '2025-07-02 15:01:00'),
(3625, 209, 'entry', '2025-07-02 19:02:00'),
(3626, 209, 'exit', '2025-07-02 23:01:00'),
(3627, 209, 'entry', '2025-07-03 11:00:00'),
(3628, 209, 'exit', '2025-07-03 15:00:00'),
(3629, 209, 'entry', '2025-07-03 19:00:00'),
(3630, 209, 'exit', '2025-07-03 23:00:00'),
(3631, 209, 'entry', '2025-07-04 11:03:00'),
(3632, 209, 'exit', '2025-07-04 15:06:00'),
(3633, 209, 'entry', '2025-07-04 19:04:00'),
(3634, 209, 'exit', '2025-07-04 22:59:00'),
(3635, 209, 'entry', '2025-07-05 10:58:00'),
(3636, 209, 'exit', '2025-07-05 15:02:00'),
(3637, 209, 'entry', '2025-07-05 19:00:00'),
(3638, 209, 'exit', '2025-07-05 23:00:00'),
(3639, 209, 'entry', '2025-07-06 11:01:00'),
(3640, 209, 'exit', '2025-07-06 15:05:00'),
(3641, 209, 'entry', '2025-07-06 19:03:00'),
(3642, 209, 'exit', '2025-07-06 23:02:00'),
(3643, 209, 'entry', '2025-07-09 11:02:00'),
(3644, 209, 'exit', '2025-07-09 15:01:00'),
(3645, 209, 'entry', '2025-07-09 19:01:00'),
(3646, 209, 'exit', '2025-07-09 23:00:00'),
(3647, 209, 'entry', '2025-07-10 11:00:00'),
(3648, 209, 'exit', '2025-07-10 15:00:00'),
(3649, 209, 'entry', '2025-07-10 19:00:00'),
(3650, 209, 'exit', '2025-07-10 23:00:00'),
(3651, 268, 'entry', '2025-07-02 10:50:00'),
(3652, 268, 'exit', '2025-07-02 15:16:00'),
(3653, 268, 'entry', '2025-07-02 17:58:00'),
(3654, 268, 'exit', '2025-07-02 23:49:00'),
(3655, 268, 'entry', '2025-07-03 10:55:00'),
(3656, 268, 'exit', '2025-07-03 15:17:00'),
(3657, 268, 'entry', '2025-07-03 18:40:00'),
(3658, 268, 'exit', '2025-07-03 23:48:00'),
(3659, 268, 'entry', '2025-07-04 10:48:00'),
(3660, 268, 'exit', '2025-07-04 16:02:00'),
(3661, 268, 'entry', '2025-07-04 17:30:00'),
(3662, 268, 'exit', '2025-07-04 23:30:00'),
(3663, 268, 'entry', '2025-07-05 10:52:00'),
(3664, 268, 'exit', '2025-07-05 15:45:00'),
(3665, 268, 'entry', '2025-07-05 18:55:00'),
(3666, 268, 'exit', '2025-07-05 23:50:00'),
(3667, 268, 'entry', '2025-07-06 10:57:00'),
(3668, 268, 'exit', '2025-07-06 15:13:00'),
(3669, 268, 'entry', '2025-07-06 18:53:00'),
(3670, 268, 'exit', '2025-07-06 23:55:00'),
(3671, 268, 'entry', '2025-07-09 11:12:00'),
(3672, 268, 'exit', '2025-07-09 16:00:00'),
(3673, 268, 'entry', '2025-07-09 18:59:00'),
(3674, 268, 'exit', '2025-07-09 23:59:00'),
(3675, 268, 'entry', '2025-07-10 10:44:00'),
(3676, 268, 'exit', '2025-07-10 15:43:00'),
(3677, 268, 'entry', '2025-07-10 18:50:00'),
(3678, 268, 'exit', '2025-07-10 23:51:00'),
(3679, 269, 'entry', '2025-07-02 11:05:00'),
(3680, 269, 'exit', '2025-07-02 15:09:00'),
(3681, 269, 'entry', '2025-07-02 19:11:00'),
(3682, 269, 'exit', '2025-07-02 23:06:00'),
(3683, 269, 'entry', '2025-07-03 11:10:00'),
(3684, 269, 'exit', '2025-07-03 15:04:00'),
(3685, 269, 'entry', '2025-07-03 19:08:00'),
(3686, 269, 'exit', '2025-07-03 23:08:00'),
(3687, 269, 'entry', '2025-07-04 10:59:00'),
(3688, 269, 'exit', '2025-07-04 15:20:00'),
(3689, 269, 'entry', '2025-07-04 17:57:00'),
(3690, 269, 'exit', '2025-07-04 23:10:00'),
(3691, 269, 'entry', '2025-07-05 11:01:00'),
(3692, 269, 'exit', '2025-07-05 15:02:00'),
(3693, 269, 'entry', '2025-07-05 19:00:00'),
(3694, 269, 'exit', '2025-07-05 22:59:00'),
(3695, 269, 'entry', '2025-07-09 11:04:00'),
(3696, 269, 'exit', '2025-07-09 15:08:00'),
(3697, 269, 'entry', '2025-07-09 18:58:00'),
(3698, 269, 'exit', '2025-07-09 23:04:00'),
(3699, 269, 'entry', '2025-07-10 10:55:00'),
(3700, 269, 'exit', '2025-07-10 15:11:00'),
(3701, 269, 'entry', '2025-07-10 17:59:00'),
(3702, 269, 'exit', '2025-07-10 23:12:00'),
(3703, 270, 'entry', '2025-07-02 11:04:00'),
(3704, 270, 'exit', '2025-07-02 15:02:00'),
(3705, 270, 'entry', '2025-07-02 19:06:00'),
(3706, 270, 'exit', '2025-07-02 23:03:00'),
(3707, 270, 'entry', '2025-07-03 10:58:00'),
(3708, 270, 'exit', '2025-07-03 15:08:00'),
(3709, 270, 'entry', '2025-07-03 18:56:00'),
(3710, 270, 'exit', '2025-07-03 23:06:00'),
(3711, 270, 'entry', '2025-07-04 11:02:00'),
(3712, 270, 'exit', '2025-07-04 15:10:00'),
(3713, 270, 'entry', '2025-07-04 19:03:00'),
(3714, 270, 'exit', '2025-07-04 22:58:00'),
(3715, 270, 'entry', '2025-07-06 11:06:00'),
(3716, 270, 'exit', '2025-07-06 15:05:00'),
(3717, 270, 'entry', '2025-07-06 19:01:00'),
(3718, 270, 'exit', '2025-07-06 23:02:00'),
(3719, 270, 'entry', '2025-07-10 11:07:00'),
(3720, 270, 'exit', '2025-07-10 15:09:00'),
(3721, 270, 'entry', '2025-07-10 19:04:00'),
(3722, 270, 'exit', '2025-07-10 22:55:00');

-- --------------------------------------------------------

--
-- Table structure for table `inventory_reports`
--

CREATE TABLE `inventory_reports` (
  `id` int NOT NULL,
  `created_by` int NOT NULL,
  `created_at` timestamp NOT NULL DEFAULT CURRENT_TIMESTAMP
) ENGINE=InnoDB DEFAULT CHARSET=utf8mb4 COLLATE=utf8mb4_0900_ai_ci;

--
-- Dumping data for table `inventory_reports`
--

INSERT INTO `inventory_reports` (`id`, `created_by`, `created_at`) VALUES
(3, 13, '2025-07-01 10:43:13'),
(4, 13, '2025-07-01 10:43:13'),
(5, 13, '2025-07-01 11:09:51'),
(6, 13, '2025-07-01 11:10:08'),
(7, 13, '2025-07-01 11:11:19'),
(8, 13, '2025-07-01 11:20:54'),
(9, 13, '2025-07-07 11:22:50'),
(10, 13, '2025-07-07 11:23:58'),
(11, 13, '2025-07-07 11:23:58'),
(12, 13, '2025-07-07 11:26:52'),
(13, 13, '2025-07-07 11:27:46'),
(14, 13, '2025-07-07 11:28:34'),
(15, 13, '2025-07-07 11:28:45');

-- --------------------------------------------------------

--
-- Table structure for table `inventory_report_items`
--

CREATE TABLE `inventory_report_items` (
  `uid` int NOT NULL,
  `report_id` int NOT NULL,
  `item_id` int NOT NULL,
  `action` enum('ADD','SET','REMOVE','') NOT NULL,
  `amount` double NOT NULL,
  `old_amount` double NOT NULL,
  `new_amount` double NOT NULL
) ENGINE=InnoDB DEFAULT CHARSET=utf8mb4 COLLATE=utf8mb4_0900_ai_ci;

--
-- Dumping data for table `inventory_report_items`
--

INSERT INTO `inventory_report_items` (`uid`, `report_id`, `item_id`, `action`, `amount`, `old_amount`, `new_amount`) VALUES
(4, 3, 1, 'REMOVE', 1, 34, 33),
(5, 3, 2, 'REMOVE', 1, 20, 19),
(6, 4, 1, 'REMOVE', 1, 34, 32),
(7, 4, 2, 'REMOVE', 1, 20, 18),
(8, 5, 1, 'SET', 50, 32, 50),
(9, 6, 2, 'SET', 50, 18, 50),
(10, 7, 4, 'REMOVE', 50, 75, 25),
(11, 8, 5, 'SET', 1, 0, 1),
(12, 9, 3, 'REMOVE', 1, 50, 49),
(13, 10, 1, 'REMOVE', 5, 50, 45),
(14, 10, 5, 'REMOVE', 2, 51, 49),
(15, 11, 1, 'REMOVE', 5, 50, 40),
(16, 11, 5, 'REMOVE', 2, 51, 47),
(17, 12, 1, 'REMOVE', 1, 40, 39),
(18, 12, 2, 'REMOVE', 1, 50, 49),
(19, 13, 1, 'REMOVE', 40, 39, -1),
(20, 14, 1, 'REMOVE', 5, -1, -6),
(21, 15, 1, 'SET', 50, -6, 50);

-- --------------------------------------------------------

--
-- Table structure for table `layout`
--

CREATE TABLE `layout` (
  `componentid` int NOT NULL,
  `top` float(7,3) NOT NULL DEFAULT '0.000',
  `left` float(7,3) NOT NULL DEFAULT '0.000',
  `width` float(7,3) NOT NULL DEFAULT '0.000',
  `height` float(7,3) NOT NULL DEFAULT '0.000',
  `type` varchar(100) NOT NULL,
  `tableid` int DEFAULT NULL
) ENGINE=InnoDB DEFAULT CHARSET=utf8mb3;

--
-- Dumping data for table `layout`
--

INSERT INTO `layout` (`componentid`, `top`, `left`, `width`, `height`, `type`, `tableid`) VALUES
(1473, 655.000, 710.000, 15.000, 35.000, 'Table', 1),
(1474, 655.000, 735.000, 15.000, 35.000, 'Table', 2),
(1475, 660.000, 765.000, 15.000, 15.000, 'Table', 3),
(1476, 700.000, 705.000, 20.000, 20.000, 'RoundTable', 4),
(1478, 725.000, 700.000, 50.000, 5.000, 'Wall', NULL),
(1479, 650.000, 695.000, 5.000, 80.000, 'Wall', NULL),
(1480, 650.000, 810.000, 5.000, 80.000, 'Wall', NULL),
(1481, 725.000, 760.000, 50.000, 5.000, 'Wall', NULL),
(1482, 705.000, 765.000, 40.000, 15.000, 'Table', 5),
(1483, 660.000, 790.000, 15.000, 15.000, 'Table', 6),
(1484, 685.000, 765.000, 15.000, 15.000, 'Table', 7),
(1485, 685.000, 790.000, 15.000, 15.000, 'Table', 8),
(1487, 645.000, 695.000, 120.000, 5.000, 'Wall', NULL);

-- --------------------------------------------------------

--
-- Table structure for table `menu`
--

CREATE TABLE `menu` (
  `id` int NOT NULL,
  `name` varchar(100) CHARACTER SET latin1 COLLATE latin1_swedish_ci NOT NULL,
  `price` double NOT NULL,
  `category_id` int NOT NULL DEFAULT '1',
  `order` int NOT NULL DEFAULT '1',
  `active` tinyint(1) NOT NULL,
  `description` text CHARACTER SET latin1 COLLATE latin1_swedish_ci
) ENGINE=InnoDB DEFAULT CHARSET=latin1;

--
-- Dumping data for table `menu`
--

INSERT INTO `menu` (`id`, `name`, `price`, `category_id`, `order`, `active`, `description`) VALUES
(22, 'Pasta', 11.35, 1, 6, 1, ''),
(23, 'Salad', 1, 1, 7, 1, ''),
(24, 'Ham sandwich', 4.75, 1, 15, 1, ''),
(25, 'Pork', 17.8, 1, 4, 1, ''),
(26, 'Salmon', 13.9, 1, 5, 1, ''),
(27, 'Gnocchi', 8.95, 1, 3, 1, ''),
(28, 'Steak', 13.58, 1, 1, 1, ''),
(29, 'Mango Ice Tea', 1.2, 2, 17, 1, ''),
(30, 'Lemon Ice Tea', 1.2, 2, 19, 1, ''),
(31, 'Peach Ice Tea', 1.2, 2, 16, 1, ''),
(32, 'Bitoque', 9.95, 1, 2, 1, ''),
(33, 'Wine', 4.7, 2, 22, 1, ''),
(34, 'Water', 1, 2, 21, 1, ''),
(35, 'Cake', 2.6, 5, 24, 1, ''),
(36, 'Cupcake', 3.7, 5, 25, 1, ''),
(37, 'Ice Cream Cone', 1.6, 5, 26, 1, ''),
(38, 'Ice Cream Ball', 1.4, 5, 23, 1, ''),
(43, 'Sprite', 1.5, 2, 20, 1, NULL),
(44, 'Chocolate Avocado Mousse', 9.36, 5, 28, 1, NULL),
(48, 'Kidney Bean Curry', 6.64, 1, 8, 1, NULL),
(50, 'Chicken Karaage', 20.75, 1, 9, 1, NULL),
(51, 'White chocolate creme brulee', 22.67, 5, 29, 1, NULL),
(53, 'Eton Mess', 5.69, 5, 30, 1, NULL),
(57, 'Apam balik', 15.58, 5, 31, 1, NULL),
(58, 'Chicken Fajita Mac and Cheese', 18.03, 1, 10, 1, NULL),
(59, 'Salted Caramel Cheescake', 16.9, 5, 32, 1, NULL),
(61, 'Carrot Cake', 12.01, 1, 34, 1, NULL),
(62, 'Lamb Rogan josh', 7.99, 1, 12, 1, NULL),
(63, 'Peanut Butter Cheesecake', 9.34, 5, 33, 1, NULL),
(65, 'Chicken Parmentier', 24.84, 1, 11, 1, NULL),
(66, 'Fresh sardines', 19.71, 1, 13, 1, NULL),
(68, 'Jerk chicken with rice & peas', 19.97, 1, 14, 1, NULL),
(69, 'Lamb and Potato pie', 9.55, 5, 35, 1, NULL),
(70, 'Pouding chomeur', 17.84, 5, 36, 1, NULL),
(71, 'RedBull', 2, 2, 18, 1, NULL),
(74, 'Bread', 0.55, 4, 1, 1, 'sfddsfdsf');

-- --------------------------------------------------------

--
-- Table structure for table `menu_categories`
--

CREATE TABLE `menu_categories` (
  `id` int NOT NULL,
  `name` varchar(100) CHARACTER SET utf8mb4 COLLATE utf8mb4_general_ci NOT NULL
) ENGINE=InnoDB DEFAULT CHARSET=utf8mb4 COLLATE=utf8mb4_general_ci;

--
-- Dumping data for table `menu_categories`
--

INSERT INTO `menu_categories` (`id`, `name`) VALUES
(1, 'Dish'),
(2, 'Drink'),
(3, 'Kids'),
(4, 'Appetizer'),
(5, 'Desserts');

-- --------------------------------------------------------

--
-- Table structure for table `orders`
--

CREATE TABLE `orders` (
  `order_id` int NOT NULL,
  `tableid` int NOT NULL,
  `TIN` bigint DEFAULT NULL,
  `created_at` datetime NOT NULL DEFAULT CURRENT_TIMESTAMP,
  `checked_out_at` timestamp NULL DEFAULT NULL,
  `total_price` double NOT NULL DEFAULT '0',
  `discount` int NOT NULL DEFAULT '0',
  `amount_paid` int NOT NULL DEFAULT '0',
  `payment_method` varchar(50) CHARACTER SET latin1 COLLATE latin1_swedish_ci DEFAULT NULL,
  `created_by` int NOT NULL,
  `status` enum('OnGoing','Finished','Cancelled') CHARACTER SET latin1 COLLATE latin1_swedish_ci DEFAULT 'OnGoing'
) ENGINE=InnoDB DEFAULT CHARSET=latin1;

--
-- Dumping data for table `orders`
--

INSERT INTO `orders` (`order_id`, `tableid`, `TIN`, `created_at`, `checked_out_at`, `total_price`, `discount`, `amount_paid`, `payment_method`, `created_by`, `status`) VALUES
(52, 3, NULL, '2025-05-23 08:53:01', NULL, 0, 0, 0, '', 13, 'Cancelled'),
(53, 7, NULL, '2025-05-23 09:14:51', NULL, 0, 0, 0, '', 13, 'Cancelled'),
(54, 6, NULL, '2025-05-23 09:18:28', NULL, 0, 0, 0, '', 13, 'Cancelled'),
(58, 3, NULL, '2025-05-23 11:47:53', NULL, 0, 0, 0, '', 13, 'Cancelled'),
(59, 2, NULL, '2025-05-23 13:02:03', NULL, 0, 0, 0, '', 13, 'Cancelled'),
(61, 1, NULL, '2025-05-23 16:01:51', NULL, 0, 0, 0, '', 13, 'Cancelled'),
(68, 3, NULL, '2025-05-30 16:22:39', NULL, 0, 0, 0, '', 13, 'Cancelled'),
(70, 5, NULL, '2025-06-01 18:43:25', NULL, 0, 0, 0, '', 13, 'Cancelled'),
(71, 7, NULL, '2025-06-01 18:43:39', NULL, 0, 0, 0, '', 13, 'Cancelled'),
(72, 1, NULL, '2025-06-03 08:25:55', NULL, 0, 0, 0, '', 13, 'Cancelled'),
(73, 1, NULL, '2025-06-03 08:29:39', NULL, 0, 0, 0, '', 13, 'Cancelled'),
(74, 5, NULL, '2025-06-03 15:19:50', NULL, 0, 0, 0, '', 13, 'Finished'),
(75, 7, NULL, '2025-06-24 12:30:25', NULL, 0, 0, 0, '', 13, 'Finished'),
(76, 1, NULL, '2025-07-01 14:43:13', NULL, 0, 0, 0, '', 13, 'Cancelled'),
(77, 8, NULL, '2025-07-01 14:43:27', NULL, 0, 0, 0, '', 13, 'Cancelled'),
(78, 2, 43523234, '2025-07-01 15:48:50', '2025-07-02 11:51:25', 14.649999999999999, 5, 15, 'Visa', 13, 'Finished'),
(79, 2, 55555555555, '2025-07-02 11:55:11', '2025-07-02 12:02:08', 9.95, 5, 10, 'Visa', 13, 'Finished'),
(81, 2, NULL, '2025-07-02 13:38:56', NULL, 0, 0, 0, NULL, 13, 'Cancelled'),
(82, 2, 23423342, '2025-07-02 13:39:04', '2025-07-02 13:39:42', 13.649999999999999, 5, 35, 'Cash', 13, 'Finished'),
(83, 1, NULL, '2025-07-02 13:40:31', NULL, 0, 0, 0, NULL, 13, 'Cancelled'),
(89, 1, 0, '2025-07-04 14:57:00', '2025-07-04 14:57:45', 46.17, 0, 46, 'Visa', 13, 'Finished'),
(90, 2, 0, '2025-07-04 14:57:48', '2025-07-04 14:58:19', 261.11999999999995, 0, 261, 'Visa', 13, 'Finished'),
(91, 2, 0, '2025-07-04 16:11:32', '2025-07-07 11:43:05', 80.05, 0, 80, 'Cash', 13, 'Finished'),
(92, 2, 34534343434, '2025-07-07 11:48:17', '2025-07-07 11:48:26', 78.47, 5, 78, 'Visa', 13, 'Finished'),
(93, 2, NULL, '2025-07-07 13:24:54', NULL, 0, 0, 0, NULL, 13, 'Cancelled'),
(95, 5, 34534543543, '2025-07-08 09:04:02', '2025-07-08 09:04:31', 80.18, 0, 90, 'Cash', 13, 'Finished'),
(96, 8, NULL, '2025-07-08 09:05:40', NULL, 0, 0, 0, NULL, 13, 'OnGoing');

-- --------------------------------------------------------

--
-- Table structure for table `order_items`
--

CREATE TABLE `order_items` (
  `uid` int NOT NULL,
  `product_id` int DEFAULT NULL,
  `order_id` int NOT NULL,
  `quantity` int NOT NULL,
  `cost` double NOT NULL DEFAULT '0'
) ENGINE=InnoDB DEFAULT CHARSET=latin1;

--
-- Dumping data for table `order_items`
--

INSERT INTO `order_items` (`uid`, `product_id`, `order_id`, `quantity`, `cost`) VALUES
(1, 25, 52, 1, 17.8),
(2, 24, 52, 3, 14.25),
(3, 29, 52, 2, 2.4),
(4, 35, 52, 2, 5.2),
(5, 26, 54, 1, 13.9),
(6, 31, 54, 3, 3.5999999999999996),
(7, 24, 54, 1, 4.75),
(8, 23, 54, 3, 3),
(9, 35, 53, 3, 7.800000000000001),
(10, 36, 53, 2, 7.4),
(11, 31, 52, 1, 1.2),
(12, 31, 58, 1, 1.2),
(13, 24, 59, 1, 4.75),
(14, 28, 59, 1, 13.58),
(15, 37, 59, 1, 1.6),
(16, 23, 61, 1, 1),
(17, 24, 61, 1, 4.75),
(18, 28, 61, 1, 13.58),
(19, 24, 68, 1, 4.75),
(20, 34, 70, 2, 2),
(21, 33, 70, 1, 4.7),
(22, 27, 70, 2, 17.9),
(23, 34, 71, 3, 3),
(24, 27, 71, 1, 8.95),
(25, 32, 72, 1, 9.95),
(26, 24, 73, 2, 9.5),
(27, 23, 73, 2, 2),
(28, 26, 73, 5, 69.5),
(29, 34, 73, 2, 2),
(30, 24, 74, 3, 14.25),
(31, 23, 74, 6, 6),
(32, 22, 74, 1, 11.35),
(33, 31, 74, 1, 1.2),
(34, 30, 74, 1, 1.2),
(35, 25, 76, 2, 35.6),
(36, 26, 76, 2, 27.8),
(37, 32, 76, 1, 9.95),
(38, 32, 77, 2, 19.9),
(39, 37, 77, 5, 8),
(40, 36, 77, 2, 7.4),
(41, 33, 78, 1, 4.7),
(42, 32, 78, 2, 19.9),
(43, 27, 79, 3, 26.849999999999998),
(44, 34, 79, 2, 2),
(45, 27, 81, 2, 17.9),
(46, 34, 81, 1, 1),
(47, 27, 82, 3, 26.849999999999998),
(48, 33, 82, 1, 4.7),
(49, 32, 83, 2, 19.9),
(50, 25, 83, 1, 17.8),
(51, 30, 83, 2, 2.4),
(52, 43, 83, 1, 1.5),
(53, 48, 89, 3, 19.919999999999998),
(54, 50, 89, 1, 20.75),
(55, 71, 89, 2, 4),
(56, 43, 89, 1, 1.5),
(57, 68, 90, 5, 99.85),
(58, 66, 90, 2, 39.42),
(59, 50, 90, 5, 103.75),
(60, 34, 90, 6, 6),
(61, 33, 90, 2, 9.4),
(62, 43, 90, 1, 1.5),
(63, 30, 90, 1, 1.2),
(64, 25, 91, 1, 17.8),
(65, 50, 91, 3, 62.25),
(66, 32, 92, 2, 19.9),
(67, 27, 92, 2, 17.9),
(68, 50, 92, 1, 20.75),
(69, 48, 92, 3, 19.919999999999998),
(70, 25, 93, 3, 0),
(71, 23, 95, 3, 3),
(72, 66, 95, 3, 59.13),
(73, 29, 95, 2, 2.4),
(74, 34, 95, 1, 1),
(75, 33, 95, 1, 4.7),
(76, 32, 95, 1, 9.95),
(77, 48, 96, 1, 0),
(78, 25, 96, 1, 0),
(79, 27, 96, 1, 0),
(80, 34, 96, 2, 0),
(81, 33, 96, 1, 0),
(82, 38, 96, 1, 0);

-- --------------------------------------------------------

--
-- Table structure for table `purchase_items`
--

CREATE TABLE `purchase_items` (
  `id` int NOT NULL,
  `purchase_order_id` int NOT NULL,
  `item_id` int NOT NULL,
  `quantity` int NOT NULL,
  `cost` double(10,2) DEFAULT NULL
) ENGINE=InnoDB DEFAULT CHARSET=utf8mb4 COLLATE=utf8mb4_0900_ai_ci;

--
-- Dumping data for table `purchase_items`
--

INSERT INTO `purchase_items` (`id`, `purchase_order_id`, `item_id`, `quantity`, `cost`) VALUES
(1, 1, 1, 1, 0.00),
(2, 1, 2, 1, 0.00),
(3, 2, 4, 16, 95.84),
(4, 3, 4, 10, 59.90),
(5, 4, 4, 30, 179.70),
(6, 5, 4, 100, 599.00),
(7, 6, 4, 150, 898.50),
(8, 8, 3, 10, 5.00),
(9, 8, 4, 16, 95.84),
(10, 9, 3, 50, 25.00),
(11, 10, 1, 80, 64.00),
(12, 10, 2, 40, 20.00),
(13, 11, 4, 10, 59.90),
(14, 12, 5, 25, 25.00),
(15, 12, 11, 40, 471.20),
(16, 12, 9, 40, 356.00);

-- --------------------------------------------------------

--
-- Table structure for table `purchase_orders`
--

CREATE TABLE `purchase_orders` (
  `id` int NOT NULL,
  `supplier_id` int NOT NULL,
  `order_date` date NOT NULL,
  `delivery_date` date DEFAULT NULL,
  `status` enum('Pending','Received','Cancelled') NOT NULL DEFAULT 'Pending',
  `userid` int NOT NULL
) ENGINE=InnoDB DEFAULT CHARSET=utf8mb4 COLLATE=utf8mb4_0900_ai_ci;

--
-- Dumping data for table `purchase_orders`
--

INSERT INTO `purchase_orders` (`id`, `supplier_id`, `order_date`, `delivery_date`, `status`, `userid`) VALUES
(1, 1, '2025-06-03', NULL, 'Received', 13),
(2, 2, '2025-06-01', '2025-06-24', 'Received', 13),
(3, 2, '2025-06-12', NULL, 'Cancelled', 13),
(4, 2, '2025-06-25', '2025-06-24', 'Cancelled', 13),
(5, 1, '2025-02-12', NULL, 'Received', 13),
(6, 1, '2025-08-22', '2025-06-25', 'Received', 13),
(8, 1, '2025-06-10', '2025-06-24', 'Received', 13),
(9, 1, '2025-06-25', '2025-06-25', 'Received', 13),
(10, 2, '2025-06-25', '2025-06-25', 'Received', 13),
(11, 1, '2025-06-25', '2025-07-05', 'Received', 13),
(12, 3, '2025-07-08', '2025-07-07', 'Received', 13);

-- --------------------------------------------------------

--
-- Table structure for table `reservations`
--

CREATE TABLE `reservations` (
  `id` int NOT NULL,
  `tableid` int NOT NULL,
  `creator_id` int NOT NULL,
  `name` varchar(50) COLLATE utf8mb4_general_ci DEFAULT NULL,
  `phone` bigint DEFAULT NULL,
  `email` varchar(255) CHARACTER SET utf8mb4 COLLATE utf8mb4_general_ci DEFAULT NULL,
  `guest_count` int NOT NULL DEFAULT '1',
  `date` datetime NOT NULL,
  `created` timestamp NOT NULL DEFAULT CURRENT_TIMESTAMP,
  `notes` text COLLATE utf8mb4_general_ci
) ENGINE=InnoDB DEFAULT CHARSET=utf8mb4 COLLATE=utf8mb4_general_ci;

--
-- Dumping data for table `reservations`
--

INSERT INTO `reservations` (`id`, `tableid`, `creator_id`, `name`, `phone`, `email`, `guest_count`, `date`, `created`, `notes`) VALUES
(13, 2, 13, NULL, NULL, NULL, 1, '2025-05-30 10:15:00', '2025-05-30 15:04:20', NULL),
(14, 1, 13, NULL, NULL, NULL, 1, '2025-05-30 10:30:00', '2025-05-30 15:13:56', NULL),
(15, 3, 13, NULL, 23432432, NULL, 1, '2025-05-30 11:15:00', '2025-05-30 15:14:04', NULL),
(16, 3, 13, NULL, NULL, NULL, 1, '2025-05-30 10:15:00', '2025-05-30 15:27:06', NULL),
(17, 4, 13, NULL, NULL, NULL, 1, '2025-05-30 10:30:43', '2025-05-30 15:27:46', NULL),
(18, 5, 13, NULL, NULL, NULL, 1, '2025-05-30 10:45:00', '2025-05-30 16:11:40', NULL),
(19, 5, 13, NULL, NULL, NULL, 1, '2025-06-01 11:30:00', '2025-05-30 16:45:15', NULL),
(21, 2, 13, NULL, NULL, NULL, 6, '2025-05-31 08:15:00', '2025-05-31 10:08:01', NULL),
(22, 5, 13, NULL, NULL, NULL, 1, '2025-05-31 12:45:00', '2025-05-31 10:09:06', NULL),
(23, 3, 13, NULL, NULL, NULL, 1, '2025-06-01 14:00:00', '2025-06-01 11:49:43', NULL),
(24, 2, 13, NULL, NULL, NULL, 1, '2025-06-02 14:00:00', '2025-06-02 11:17:45', NULL),
(26, 1, 13, NULL, NULL, NULL, 1, '2025-06-23 09:30:00', '2025-06-23 11:37:05', NULL),
(28, 7, 13, NULL, NULL, NULL, 4, '2025-07-04 14:30:00', '2025-07-04 11:10:24', NULL),
(29, 5, 13, NULL, NULL, NULL, 4, '2025-07-04 17:15:00', '2025-07-04 11:10:33', NULL),
(30, 2, 13, NULL, NULL, NULL, 5, '2025-07-04 19:30:00', '2025-07-04 11:10:44', NULL),
(31, 2, 13, NULL, NULL, NULL, 3, '2025-07-04 13:15:00', '2025-07-04 11:11:08', NULL),
(32, 8, 13, NULL, NULL, NULL, 3, '2025-07-04 14:30:00', '2025-07-04 11:11:30', NULL),
(33, 7, 13, NULL, NULL, NULL, 1, '2025-07-05 11:00:00', '2025-07-05 14:15:28', NULL),
(34, 7, 13, NULL, NULL, NULL, 1, '2025-07-08 13:30:00', '2025-07-08 09:03:54', NULL),
(37, 7, 13, NULL, NULL, NULL, 1, '2025-07-10 18:30:00', '2025-07-10 13:26:57', NULL),
(38, 7, 13, 'fdsdsfdsfdsf', 34324432423, 'dsfdsfdsfdsf@asdhfih', 1, '2025-07-10 20:15:00', '2025-07-10 15:35:57', 'dsfdsfdsfdsfdsf');

-- --------------------------------------------------------

--
-- Table structure for table `roles`
--

CREATE TABLE `roles` (
  `name` varchar(50) CHARACTER SET utf8mb3 COLLATE utf8mb3_general_ci NOT NULL,
  `permission_level` int NOT NULL,
  `administrator` tinyint(1) NOT NULL DEFAULT '0',
  `locked` tinyint NOT NULL DEFAULT '0'
) ENGINE=InnoDB DEFAULT CHARSET=utf8mb3;

--
-- Dumping data for table `roles`
--

INSERT INTO `roles` (`name`, `permission_level`, `administrator`, `locked`) VALUES
('Administrator', 6, 1, 1),
('Kitchen Staff', 2, 0, 0),
('Manager', 5, 0, 0),
('Staff', 3, 0, 0),
('Sub-Manager', 4, 0, 0),
('User', 1, 0, 1);

-- --------------------------------------------------------

--
-- Table structure for table `role_permissions`
--

CREATE TABLE `role_permissions` (
  `entry_id` int NOT NULL,
  `endpoint_id` varchar(50) CHARACTER SET utf8mb4 COLLATE utf8mb4_0900_ai_ci NOT NULL,
  `role` varchar(50) CHARACTER SET utf8mb3 COLLATE utf8mb3_general_ci NOT NULL
) ENGINE=InnoDB DEFAULT CHARSET=utf8mb4 COLLATE=utf8mb4_0900_ai_ci;

--
-- Dumping data for table `role_permissions`
--

INSERT INTO `role_permissions` (`entry_id`, `endpoint_id`, `role`) VALUES
(21, 'GET/api/entries', 'Manager'),
(18, 'GET/api/entries', 'Staff'),
(114, 'GET/api/entries', 'Sub-Manager'),
(20, 'GET/api/inventory-reports', 'Manager'),
(64, 'GET/api/inventory-reports', 'Sub-Manager'),
(26, 'GET/api/orders', 'Manager'),
(28, 'GET/api/orders', 'Staff'),
(99, 'GET/api/orders', 'Sub-Manager'),
(31, 'GET/api/receipts', 'Manager'),
(32, 'GET/api/receipts', 'Staff'),
(98, 'GET/api/receipts', 'Sub-Manager'),
(36, 'GET/api/reservations', 'Manager'),
(34, 'GET/api/reservations', 'Staff'),
(102, 'GET/api/reservations', 'Sub-Manager'),
(108, 'GET/api/revenue-categorized', 'Manager'),
(101, 'GET/api/revenue-categorized', 'Sub-Manager'),
(73, 'GET/api/stock-items', 'Kitchen Staff'),
(40, 'GET/api/stock-items', 'Manager'),
(109, 'GET/api/stock-items', 'Sub-Manager'),
(96, 'GET/api/stock-orders', 'Kitchen Staff'),
(38, 'GET/api/stock-orders', 'Manager'),
(113, 'GET/api/stock-orders', 'Sub-Manager'),
(45, 'GET/api/users', 'Manager'),
(105, 'GET/api/users', 'Sub-Manager'),
(104, 'PATCH/api/settings', 'Manager'),
(115, 'POST/api/entries', 'Manager'),
(95, 'POST/api/inventory-reports', 'Kitchen Staff'),
(23, 'POST/api/inventory-reports', 'Manager'),
(65, 'POST/api/inventory-reports', 'Sub-Manager'),
(25, 'POST/api/layout', 'Manager'),
(107, 'POST/api/menu', 'Manager'),
(27, 'POST/api/orders', 'Manager'),
(33, 'POST/api/orders', 'Staff'),
(100, 'POST/api/orders', 'Sub-Manager'),
(37, 'POST/api/reservations', 'Manager'),
(35, 'POST/api/reservations', 'Staff'),
(103, 'POST/api/reservations', 'Sub-Manager'),
(30, 'POST/api/role-permissions', 'Manager'),
(29, 'POST/api/roles', 'Manager'),
(41, 'POST/api/stock-items', 'Manager'),
(112, 'POST/api/stock-items', 'Sub-Manager'),
(39, 'POST/api/stock-orders', 'Manager'),
(110, 'POST/api/stock-orders', 'Sub-Manager'),
(43, 'POST/api/suppliers', 'Manager'),
(111, 'POST/api/suppliers', 'Sub-Manager'),
(46, 'POST/api/users', 'Manager'),
(106, 'POST/api/users', 'Sub-Manager');

-- --------------------------------------------------------

--
-- Table structure for table `sessions`
--

CREATE TABLE `sessions` (
  `session_id` varchar(128) CHARACTER SET utf8mb4 COLLATE utf8mb4_bin NOT NULL,
  `expires` int UNSIGNED NOT NULL,
  `data` mediumtext CHARACTER SET utf8mb4 COLLATE utf8mb4_bin
) ENGINE=InnoDB DEFAULT CHARSET=utf8mb4 COLLATE=utf8mb4_0900_ai_ci;

--
-- Dumping data for table `sessions`
--

INSERT INTO `sessions` (`session_id`, `expires`, `data`) VALUES
('KNAEAkdNrOkrOa01ZAagBc4G1IzAgEy5', 1752260293, '{\"cookie\":{\"originalMaxAge\":null,\"expires\":null,\"secure\":false,\"httpOnly\":true,\"path\":\"/\"},\"user\":\"gmferreira\",\"userid\":13,\"pending_verification\":false,\"verificationcode_created\":1752173860292}');

-- --------------------------------------------------------

--
-- Table structure for table `settings`
--

CREATE TABLE `settings` (
  `Currency` varchar(3) NOT NULL,
  `WorkHours` decimal(4,2) NOT NULL,
  `WorkHourLimit` decimal(4,2) NOT NULL,
  `PayPerHour` double NOT NULL,
  `MealAllowance` double NOT NULL,
  `ExtraPay` double NOT NULL,
  `ExtraPayMinuteRate` int NOT NULL,
  `City` varchar(100) CHARACTER SET utf8mb4 COLLATE utf8mb4_0900_ai_ci NOT NULL,
  `Contact` varchar(20) CHARACTER SET utf8mb4 COLLATE utf8mb4_0900_ai_ci NOT NULL,
  `TaxID` bigint NOT NULL,
  `Adress` varchar(200) CHARACTER SET utf8mb4 COLLATE utf8mb4_0900_ai_ci NOT NULL,
  `RestaurantName` varchar(100) CHARACTER SET utf8mb4 COLLATE utf8mb4_0900_ai_ci NOT NULL,
  `PostalCode` varchar(20) NOT NULL
) ENGINE=InnoDB DEFAULT CHARSET=utf8mb4 COLLATE=utf8mb4_0900_ai_ci;

--
-- Dumping data for table `settings`
--

INSERT INTO `settings` (`Currency`, `WorkHours`, `WorkHourLimit`, `PayPerHour`, `MealAllowance`, `ExtraPay`, `ExtraPayMinuteRate`, `City`, `Contact`, `TaxID`, `Adress`, `RestaurantName`, `PostalCode`) VALUES
('EUR', 8.00, 10.00, 7.35, 6.25, 9.78, 30, 'Coimbra', '967342198', 235281024275312128, '12 Test Street', 'Restaurant', '3030-032');

-- --------------------------------------------------------

--
-- Table structure for table `stock_items`
--

CREATE TABLE `stock_items` (
  `id` int NOT NULL,
  `SKU` varchar(32) NOT NULL,
  `name` varchar(255) NOT NULL,
  `quantity_in_stock` double NOT NULL,
  `unit_of_measure` varchar(20) CHARACTER SET utf8mb4 COLLATE utf8mb4_0900_ai_ci DEFAULT NULL,
  `purchase_price` double NOT NULL,
  `supplier_id` int NOT NULL,
  `description` text CHARACTER SET utf8mb4 COLLATE utf8mb4_0900_ai_ci,
  `active` tinyint(1) NOT NULL DEFAULT '1',
  `connected_product_id` int DEFAULT NULL,
  `created_at` timestamp NOT NULL DEFAULT CURRENT_TIMESTAMP
) ENGINE=InnoDB DEFAULT CHARSET=utf8mb4 COLLATE=utf8mb4_0900_ai_ci;

--
-- Dumping data for table `stock_items`
--

INSERT INTO `stock_items` (`id`, `SKU`, `name`, `quantity_in_stock`, `unit_of_measure`, `purchase_price`, `supplier_id`, `description`, `active`, `connected_product_id`, `created_at`) VALUES
(1, 'AS-B', 'Coca Cola', 50, 'g', 0.8, 2, '', 1, NULL, '2025-06-11 15:42:01'),
(2, 'SDK-1', 'Mango Ice Tea', 49, '', 0.5, 2, '', 1, NULL, '2025-06-11 15:50:48'),
(3, 'SDK-2', 'Lemon Ice Tea', 49, '', 0.5, 1, '', 1, 30, '2025-06-11 15:51:39'),
(4, 'SKU-596', 'Strawberry Ice Cream', 35, 'L', 5.99, 1, '', 1, 38, '2025-06-12 11:44:21'),
(5, 'ABCD-123', 'Sprite', 47, 'L', 1, 3, '', 1, 43, '2025-07-01 11:20:40'),
(6, 'SDK-5', 'Beef', 0, 'kg', 2.4, 2, '', 1, NULL, '2025-07-02 17:02:11'),
(7, 'SDK-6', 'Chicken', 0, 'kg', 1.8, 1, '', 1, NULL, '2025-07-02 17:02:59'),
(8, 'SDK-7', 'Dough', 0, 'kg', 0.6, 2, '', 1, NULL, '2025-07-02 17:03:47'),
(9, 'SDK-8', 'Ketchup', 80, 'L', 8.9, 3, NULL, 1, NULL, '2025-07-02 17:05:19'),
(10, 'SDK-9', 'Mayonnaise', 0, 'L', 7.3, 3, NULL, 1, NULL, '2025-07-02 17:05:48'),
(11, 'SDK-10', 'Mustard', 80, 'L', 11.78, 3, NULL, 1, NULL, '2025-07-02 17:06:17'),
(12, 'SDK-11', 'RedBull', 0, NULL, 0.97, 2, NULL, 1, 71, '2025-07-02 17:07:30'),
(13, 'SDK-11', 'Peach Ice Tea', 0, '', 0.6, 2, '', 1, 31, '2025-07-02 17:09:29');

-- --------------------------------------------------------

--
-- Table structure for table `suppliers`
--

CREATE TABLE `suppliers` (
  `id` int NOT NULL,
  `name` varchar(100) NOT NULL,
  `email` varchar(255) NOT NULL,
  `phone` int NOT NULL,
  `address` varchar(255) NOT NULL,
  `active` tinyint(1) NOT NULL DEFAULT '1',
  `notes` varchar(1000) NOT NULL
) ENGINE=InnoDB DEFAULT CHARSET=utf8mb4 COLLATE=utf8mb4_0900_ai_ci;

--
-- Dumping data for table `suppliers`
--

INSERT INTO `suppliers` (`id`, `name`, `email`, `phone`, `address`, `active`, `notes`) VALUES
(1, 'Company 1', 'company1-manager@gmail.pt', 56543213, '21st Test street, California, USA', 1, 'Strict people, beware in meetings/calls'),
(2, 'Company 2', 'company2@gmail.com', 94325235, '12 Stout Street', 1, ''),
(3, 'Company 3', 'company3@gmail.com', 967342198, 'Test Adress 3', 0, '');

-- --------------------------------------------------------

--
-- Table structure for table `users`
--

CREATE TABLE `users` (
  `userid` int NOT NULL,
  `username` varchar(20) NOT NULL,
  `active` tinyint(1) NOT NULL DEFAULT '1',
  `email` varchar(254) NOT NULL,
  `phone` varchar(20) DEFAULT NULL,
  `fullname` varchar(150) NOT NULL,
  `role` varchar(50) CHARACTER SET utf8mb3 COLLATE utf8mb3_general_ci NOT NULL DEFAULT 'User',
  `birthdate` date NOT NULL,
  `country` varchar(60) NOT NULL,
  `city` varchar(150) NOT NULL,
  `address` varchar(150) CHARACTER SET utf8mb4 COLLATE utf8mb4_unicode_520_ci NOT NULL,
  `postalcode` varchar(15) NOT NULL,
  `password` varchar(64) NOT NULL,
  `card_id` int DEFAULT NULL,
  `created` timestamp NOT NULL DEFAULT CURRENT_TIMESTAMP,
  `verified` tinyint(1) NOT NULL DEFAULT '0'
) ENGINE=InnoDB DEFAULT CHARSET=utf8mb3;

--
-- Dumping data for table `users`
--

INSERT INTO `users` (`userid`, `username`, `active`, `email`, `phone`, `fullname`, `role`, `birthdate`, `country`, `city`, `address`, `postalcode`, `password`, `card_id`, `created`, `verified`) VALUES
(13, 'gmferreira', 1, 'gabrielmonteiroferreira@gmail.com', '233223', 'Gabriel Ferreira', 'Administrator', '2000-05-05', 'Portugal', 'Coimbra', 'Praa Aores N5', '3030-032', '$2b$10$9e.PqfCgub/64mcokFNhlunLGH4a2NWFI0tHaaC4t5bRiJkPXMRnm', 11511719, '2024-12-12 14:47:36', 1),
(209, 'acardoso', 0, 'antonio@gmail.com', '913123123', 'Antonio Pedro Rodrigues Cardoso', 'Staff', '2006-07-19', 'Portugal', 'Lisboa', 'Rua 2 do Tovim', '3030-099', '$2b$10$9e.PqfCgub/64mcokFNhlunLGH4a2NWFI0tHaaC4t5bRiJkPXMRnm', 11493721, '2025-07-01 11:28:53', 1),
(268, 'lwillis', 1, 'lawrence.willis@example.com', '0211197204', 'Lawrence Willis', 'Manager', '1979-11-26', 'Ireland', 'Waterford', '7963 Church Lane', '43790', '$2b$10$9e.PqfCgub/64mcokFNhlunLGH4a2NWFI0tHaaC4t5bRiJkPXMRnm', 12773034, '2025-07-02 15:43:10', 1),
(269, 'nlo', 1, 'nicolas.lo@example.com', '47988411', 'Nicolas Lo', 'Staff', '1995-07-22', 'Canada', 'St. Antoine', '7011 Park Rd', 'R6L 0N6', '$2b$10$9e.PqfCgub/64mcokFNhlunLGH4a2NWFI0tHaaC4t5bRiJkPXMRnm', 12758933, '2025-07-02 15:43:12', 1),
(270, 'fdixon', 1, 'fernando.dixon@example.com', '6265229220', 'Fernando Dixon', 'Staff', '1954-05-29', 'United States', 'West Jordan', '2128 W Belt Line Rd', '73467', '$2b$10$9e.PqfCgub/64mcokFNhlunLGH4a2NWFI0tHaaC4t5bRiJkPXMRnm', 4801914, '2025-07-02 15:43:13', 1),
(271, 'ale', 1, 'amar.le@example.com', '21011825', 'Amar Le', 'Kitchen Staff', '1961-06-22', 'Norway', 'Mnshaugen-Bjrgum', '1798 St. Olavs plass', '4017', '$2b$10$9e.PqfCgub/64mcokFNhlunLGH4a2NWFI0tHaaC4t5bRiJkPXMRnm', NULL, '2025-07-02 15:43:14', 1),
(272, 'fma', 1, 'felix.ma@example.com', '92308465', 'Felix Ma', 'Kitchen Staff', '1978-11-08', 'Canada', 'Chipman', '9652 22nd Ave', 'D2M 2A5', '$2b$10$9e.PqfCgub/64mcokFNhlunLGH4a2NWFI0tHaaC4t5bRiJkPXMRnm', NULL, '2025-07-02 15:43:15', 1),
(273, 'acaldeira', 1, 'austrelino.caldeira@example.com', '8365069867', 'Austrelino Caldeira', 'User', '1998-07-22', 'Brazil', 'So Joo de Meriti', '5715 Avenida Vincius de Morais', '43226', '$2b$10$9e.PqfCgub/64mcokFNhlunLGH4a2NWFI0tHaaC4t5bRiJkPXMRnm', NULL, '2025-07-02 15:43:17', 1),
(274, 'jturner', 1, 'jo.turner@example.com', '3617406986', 'Jo Turner', 'User', '1947-11-29', 'United States', 'North Charleston', '5820 Elgin St', '82822', '$2b$10$9e.PqfCgub/64mcokFNhlunLGH4a2NWFI0tHaaC4t5bRiJkPXMRnm', NULL, '2025-07-02 15:43:18', 1),
(275, 'rgiraud', 1, 'ryan.giraud@example.com', '0442840613', 'Ryan Giraud', 'User', '1989-01-20', 'France', 'Perpignan', '7111 Rue de la Charit', '26803', '$2b$10$9e.PqfCgub/64mcokFNhlunLGH4a2NWFI0tHaaC4t5bRiJkPXMRnm', NULL, '2025-07-02 15:43:19', 1),
(276, 'umoreau', 1, 'ugo.moreau@example.com', '0231489905', 'Ugo Moreau', 'User', '1968-05-24', 'France', 'Avignon', '3067 Rue Gasparin', '48147', '$2b$10$9e.PqfCgub/64mcokFNhlunLGH4a2NWFI0tHaaC4t5bRiJkPXMRnm', NULL, '2025-07-02 15:43:21', 1),
(277, 'mdupont', 1, 'marta.dupont@example.com', '0757720876', 'Marta Dupont', 'User', '1982-09-05', 'Switzerland', 'Disentis/Mustr', '9983 Rue de la Charit', '5218', '$2b$10$9e.PqfCgub/64mcokFNhlunLGH4a2NWFI0tHaaC4t5bRiJkPXMRnm', NULL, '2025-07-02 15:43:22', 1),
(278, 'pvan den heuvel', 1, 'pjotr.vandenheuvel@example.com', '0705158071', 'Pjotr Van den Heuvel', 'User', '1977-02-28', 'Netherlands', 'Midwoud', '9334 Kolbleistraat', '6012 TE', '$2b$10$9e.PqfCgub/64mcokFNhlunLGH4a2NWFI0tHaaC4t5bRiJkPXMRnm', NULL, '2025-07-02 15:43:24', 1),
(279, 'asekkingstad', 1, 'astrid.sekkingstad@example.com', '72282912', 'Astrid Sekkingstad', 'User', '1953-12-18', 'Norway', 'Innbygda', '712 Srkedalen', '5115', '$2b$10$9e.PqfCgub/64mcokFNhlunLGH4a2NWFI0tHaaC4t5bRiJkPXMRnm', NULL, '2025-07-02 15:43:25', 1),
(280, 'wjones', 1, 'wilma.jones@example.com', '0288352073', 'Wilma Jones', 'User', '1953-10-22', 'Australia', 'Australian Capital Territory', '878 Central St', '5539', '$2b$10$9e.PqfCgub/64mcokFNhlunLGH4a2NWFI0tHaaC4t5bRiJkPXMRnm', NULL, '2025-07-02 15:43:27', 1),
(281, 'tmiller', 1, 'tommy.miller@example.com', '0412323765', 'Tommy Miller', 'User', '1949-01-29', 'Ireland', 'Wicklow', '7417 Park Road', '66817', '$2b$10$9e.PqfCgub/64mcokFNhlunLGH4a2NWFI0tHaaC4t5bRiJkPXMRnm', NULL, '2025-07-02 15:43:28', 1),
(282, 'ebartl', 1, 'edeltrud.bartl@example.com', '02927707682', 'Edeltrud Bartl', 'User', '1996-05-10', 'Germany', 'Knigswinter', '109 Kiefernweg', '28559', '$2b$10$9e.PqfCgub/64mcokFNhlunLGH4a2NWFI0tHaaC4t5bRiJkPXMRnm', NULL, '2025-07-02 15:43:29', 1),
(283, 'jrystad', 1, 'jonah.rystad@example.com', '80826706', 'Jonah Rystad', 'User', '1960-08-31', 'Norway', 'Sviland', '8130 Biskop Gunnerus\' gate', '7900', '$2b$10$9e.PqfCgub/64mcokFNhlunLGH4a2NWFI0tHaaC4t5bRiJkPXMRnm', NULL, '2025-07-02 15:43:32', 1),
(284, 'hjackson', 1, 'henry.jackson@example.com', '7266353548', 'Henry Jackson', 'User', '1982-08-02', 'New Zealand', 'Wellington', '6375 Ward Street', '95406', '$2b$10$9e.PqfCgub/64mcokFNhlunLGH4a2NWFI0tHaaC4t5bRiJkPXMRnm', NULL, '2025-07-02 15:43:33', 1),
(285, 'kbutler', 1, 'kitty.butler@example.com', '0593183638', 'Kitty Butler', 'User', '1954-02-04', 'Australia', 'Townsville', '5056 W Sherman Dr', '572', '$2b$10$9e.PqfCgub/64mcokFNhlunLGH4a2NWFI0tHaaC4t5bRiJkPXMRnm', NULL, '2025-07-02 15:43:49', 1),
(286, 'nbrunet', 1, 'nathan.brunet@example.com', '0446074118', 'Nathan Brunet', 'User', '1956-09-27', 'France', 'Toulouse', '9442 Rue des coles', '43323', '$2b$10$9e.PqfCgub/64mcokFNhlunLGH4a2NWFI0tHaaC4t5bRiJkPXMRnm', NULL, '2025-07-02 15:43:50', 1),
(287, 'jtaylor', 1, 'jake.taylor@example.com', '2528770193', 'Jake Taylor', 'User', '1968-04-10', 'New Zealand', 'Taupo', '8228 Te Atatu Road', '49289', '$2b$10$9e.PqfCgub/64mcokFNhlunLGH4a2NWFI0tHaaC4t5bRiJkPXMRnm', NULL, '2025-07-02 15:43:52', 1),
(288, 'stuk', 1, 'sjoert.tuk@example.com', '0041485630', 'Sjoert Tuk', 'User', '1976-08-09', 'Netherlands', 'Nieuwersluis', '9322 Henninkstraat', '0877 CV', '$2b$10$9e.PqfCgub/64mcokFNhlunLGH4a2NWFI0tHaaC4t5bRiJkPXMRnm', NULL, '2025-07-02 15:43:53', 1),
(289, 'fnoel', 1, 'fabiana.noel@example.com', '0757594557', 'Fabiana Noel', 'User', '1973-11-08', 'Switzerland', 'Morges', '5827 Avenue Paul Eluard', '1556', '$2b$10$9e.PqfCgub/64mcokFNhlunLGH4a2NWFI0tHaaC4t5bRiJkPXMRnm', NULL, '2025-07-02 15:44:21', 1),
(290, 'jleclercq', 1, 'jules.leclercq@example.com', '0516728716', 'Jules Leclercq', 'User', '1974-07-18', 'France', 'Clermont-Ferrand', '7104 Rue Duguesclin', '48089', '$2b$10$9e.PqfCgub/64mcokFNhlunLGH4a2NWFI0tHaaC4t5bRiJkPXMRnm', NULL, '2025-07-02 15:44:23', 1),
(291, 'hnamnaik', 1, 'harshitha.namnaik@example.com', '7289438233', 'Harshitha Namnaik', 'User', '1968-01-14', 'India', 'Jorhat', '5251 Maharanipeta', '15076', '$2b$10$9e.PqfCgub/64mcokFNhlunLGH4a2NWFI0tHaaC4t5bRiJkPXMRnm', NULL, '2025-07-02 15:44:24', 1),
(292, 'mharris', 1, 'maddison.harris@example.com', '5589015512', 'Maddison Harris', 'User', '1957-05-26', 'New Zealand', 'Wellington', '5044 Main North Road', '50378', '$2b$10$9e.PqfCgub/64mcokFNhlunLGH4a2NWFI0tHaaC4t5bRiJkPXMRnm', NULL, '2025-07-02 15:44:25', 1),
(293, 'ajackson', 1, 'aaron.jackson@example.com', '2610993311', 'Aaron Jackson', 'User', '1972-09-17', 'New Zealand', 'New Plymouth', '6204 Botany Road', '29029', '$2b$10$9e.PqfCgub/64mcokFNhlunLGH4a2NWFI0tHaaC4t5bRiJkPXMRnm', NULL, '2025-07-02 15:44:26', 1),
(294, 'nvalli', 1, 'niilo.valli@example.com', '08814873', 'Niilo Valli', 'User', '1997-12-06', 'Finland', 'Alajrvi', '9256 Esplanadi', '63552', '$2b$10$9e.PqfCgub/64mcokFNhlunLGH4a2NWFI0tHaaC4t5bRiJkPXMRnm', NULL, '2025-07-02 15:44:28', 1),
(295, 'crasmussen', 1, 'cecilie.rasmussen@example.com', '66987377', 'Cecilie Rasmussen', 'User', '1970-09-04', 'Denmark', 'Roedovre', '5564 Hovvej', '27482', '$2b$10$9e.PqfCgub/64mcokFNhlunLGH4a2NWFI0tHaaC4t5bRiJkPXMRnm', NULL, '2025-07-02 15:44:29', 1),
(296, 'btejeda', 1, 'bernabe.tejeda@example.com', '6553232008', 'Bernab Tejeda', 'User', '1947-11-12', 'Mexico', 'Tapachula', '5800 Eje vial Qatar', '97299', '$2b$10$9e.PqfCgub/64mcokFNhlunLGH4a2NWFI0tHaaC4t5bRiJkPXMRnm', NULL, '2025-07-02 15:44:30', 1),
(297, 'pmurphy', 1, 'pauline.murphy@example.com', '3093828593', 'Pauline Murphy', 'User', '1981-04-09', 'United States', 'Santa Clarita', '9176 Eason Rd', '93045', '$2b$10$9e.PqfCgub/64mcokFNhlunLGH4a2NWFI0tHaaC4t5bRiJkPXMRnm', NULL, '2025-07-02 15:44:31', 1),
(298, 'gonopenko', 1, 'gertruda.onopenko@example.com', '096685556', 'Gertruda Onopenko', 'User', '1982-12-19', 'Ukraine', 'Kahovka', '2253 Chumackiy provulok', '46613', '$2b$10$9e.PqfCgub/64mcokFNhlunLGH4a2NWFI0tHaaC4t5bRiJkPXMRnm', NULL, '2025-07-02 15:44:33', 1),
(299, 'cclaire', 1, 'camille.claire@example.com', '16815958', 'Camille Claire', 'User', '1985-02-19', 'Canada', 'South River', '7579 College Ave', 'L9R 9S9', '$2b$10$9e.PqfCgub/64mcokFNhlunLGH4a2NWFI0tHaaC4t5bRiJkPXMRnm', NULL, '2025-07-02 15:44:34', 1),
(300, 'amateo', 1, 'abel.mateo@example.com', '6368315200', 'Abel Mateo', 'User', '1967-10-06', 'Mexico', 'Villa Corona', '1137 Calzada Sur Quinez', '75293', '$2b$10$9e.PqfCgub/64mcokFNhlunLGH4a2NWFI0tHaaC4t5bRiJkPXMRnm', NULL, '2025-07-02 15:45:14', 1),
(301, 'hheus', 1, 'hind.heus@example.com', '0737484415', 'Hind Heus', 'User', '1986-02-13', 'Netherlands', 'Lage Vuursche', '4881 Hollendewagenweg', '0448 PW', '$2b$10$9e.PqfCgub/64mcokFNhlunLGH4a2NWFI0tHaaC4t5bRiJkPXMRnm', NULL, '2025-07-02 15:45:16', 1),
(302, 'emarchand', 1, 'eduard.marchand@example.com', '0784164819', 'Eduard Marchand', 'User', '1956-05-31', 'Switzerland', 'Unterschchen', '5266 Avenue de L\'Abb-Roussel', '3792', '$2b$10$9e.PqfCgub/64mcokFNhlunLGH4a2NWFI0tHaaC4t5bRiJkPXMRnm', NULL, '2025-07-02 15:45:17', 1),
(303, 'mramos', 1, 'maite.ramos@example.com', '0417900909', 'Mait Ramos', 'User', '1966-12-07', 'Brazil', 'Barueri', '4939 Rua Mato Grosso ', '85394', '$2b$10$9e.PqfCgub/64mcokFNhlunLGH4a2NWFI0tHaaC4t5bRiJkPXMRnm', NULL, '2025-07-02 15:45:18', 1),
(304, 'hleis', 1, 'hiltrud.leis@example.com', '02272049025', 'Hiltrud Leis', 'User', '1971-11-03', 'Germany', 'Ginsheim-Gustavsburg', '5589 Kapellenweg', '80396', '$2b$10$9e.PqfCgub/64mcokFNhlunLGH4a2NWFI0tHaaC4t5bRiJkPXMRnm', NULL, '2025-07-02 15:45:19', 1),
(305, 'dlewis', 1, 'debbie.lewis@example.com', '0752740397', 'Debbie Lewis', 'User', '1989-12-18', 'Australia', 'Geraldton', '8490 Dogwood Ave', '6018', '$2b$10$9e.PqfCgub/64mcokFNhlunLGH4a2NWFI0tHaaC4t5bRiJkPXMRnm', NULL, '2025-07-02 15:45:21', 1),
(306, 'vhall', 1, 'vincent.hall@example.com', '3125425380', 'Vincent Hall', 'User', '1976-12-17', 'New Zealand', 'Wellington', '4870 North Road', '86633', '$2b$10$9e.PqfCgub/64mcokFNhlunLGH4a2NWFI0tHaaC4t5bRiJkPXMRnm', NULL, '2025-07-02 15:45:22', 1),
(307, 'jmorales', 1, 'jordi.morales@example.com', '934759394', 'Jordi Morales', 'User', '1982-12-18', 'Spain', 'Lorca', '3233 Avenida del Planetario', '42128', '$2b$10$9e.PqfCgub/64mcokFNhlunLGH4a2NWFI0tHaaC4t5bRiJkPXMRnm', NULL, '2025-07-02 15:45:23', 1),
(308, 'mwaage', 1, 'mohammad.waage@example.com', '34173335', 'Mohammad Waage', 'User', '1956-03-27', 'Norway', 'Nordfjordeid', '7129 Hesselbergs gate', '0963', '$2b$10$9e.PqfCgub/64mcokFNhlunLGH4a2NWFI0tHaaC4t5bRiJkPXMRnm', NULL, '2025-07-02 15:45:25', 1),
(309, 'bdeschamps', 1, 'bastien.deschamps@example.com', '0261511468', 'Bastien Deschamps', 'User', '1989-06-08', 'France', 'Nmes', '1906 Rue Barrme', '75214', '$2b$10$9e.PqfCgub/64mcokFNhlunLGH4a2NWFI0tHaaC4t5bRiJkPXMRnm', NULL, '2025-07-02 15:45:26', 1),
(310, 'rlishchinskiy', 1, 'rada.lishchinskiy@example.com', '099405675', 'Rada Lishchinskiy', 'User', '1997-07-27', 'Ukraine', 'Tarashcha', '3316 Arsenalna', '93199', '$2b$10$9e.PqfCgub/64mcokFNhlunLGH4a2NWFI0tHaaC4t5bRiJkPXMRnm', NULL, '2025-07-02 15:45:27', 1),
(311, 'jlentz', 1, 'john.lentz@example.com', '04131784090', 'John Lentz', 'User', '1972-06-10', 'Germany', 'Pfullendorf', '2745 Danziger Strae', '67416', '$2b$10$9e.PqfCgub/64mcokFNhlunLGH4a2NWFI0tHaaC4t5bRiJkPXMRnm', NULL, '2025-07-02 15:45:28', 1),
(312, 'mdavis', 1, 'mia.davis@example.com', '4957379697', 'Mia Davis', 'User', '1966-07-09', 'United States', 'Elko', '436 Depaul Dr', '78019', '$2b$10$9e.PqfCgub/64mcokFNhlunLGH4a2NWFI0tHaaC4t5bRiJkPXMRnm', NULL, '2025-07-02 15:45:30', 1),
(313, 'mllamas', 1, 'magdalena.llamas@example.com', '6666309014', 'Magdalena Llamas', 'User', '1996-08-17', 'Mexico', 'Pinotepa Nacional', '4695 Retorno Oaxaca', '23068', '$2b$10$9e.PqfCgub/64mcokFNhlunLGH4a2NWFI0tHaaC4t5bRiJkPXMRnm', NULL, '2025-07-02 15:45:31', 1),
(314, 'sevans', 1, 'stella.evans@example.com', '9307105207', 'Stella Evans', 'User', '1952-03-10', 'New Zealand', 'Dunedin', '1068 Lyttelton Avenue', '15743', '$2b$10$9e.PqfCgub/64mcokFNhlunLGH4a2NWFI0tHaaC4t5bRiJkPXMRnm', NULL, '2025-07-02 15:45:32', 1),
(315, 'tmiranda', 1, 'tania.miranda@example.com', '6581441231', 'Tania Miranda', 'User', '1990-12-14', 'Mexico', 'Xpujil', '6865 Viaducto Olmos', '10978', '$2b$10$9e.PqfCgub/64mcokFNhlunLGH4a2NWFI0tHaaC4t5bRiJkPXMRnm', NULL, '2025-07-02 15:45:33', 1),
(316, 'gvidal', 1, 'gaspard.vidal@example.com', '0248827188', 'Gaspard Vidal', 'User', '1954-06-26', 'France', 'Asnires-sur-Seine', '2455 Rue Paul-Duvivier', '70111', '$2b$10$9e.PqfCgub/64mcokFNhlunLGH4a2NWFI0tHaaC4t5bRiJkPXMRnm', NULL, '2025-07-02 15:45:35', 1),
(317, 'hlaurent', 1, 'herve.laurent@example.com', '0750026377', 'Herv Laurent', 'User', '1993-07-31', 'Switzerland', 'Loveresse', '8242 Esplanade du 9 Novembre 1989', '7362', '$2b$10$9e.PqfCgub/64mcokFNhlunLGH4a2NWFI0tHaaC4t5bRiJkPXMRnm', NULL, '2025-07-02 15:45:36', 1),
(318, 'eramos', 1, 'edilaine.ramos@example.com', '9361392872', 'Edilaine Ramos', 'User', '1949-10-07', 'Brazil', 'Itabora', '7011 Rua Santa Rita ', '32971', '$2b$10$9e.PqfCgub/64mcokFNhlunLGH4a2NWFI0tHaaC4t5bRiJkPXMRnm', NULL, '2025-07-02 15:45:37', 1),
(319, 'frotter', 1, 'franca.rotter@example.com', '02252424871', 'Franca Rotter', 'User', '1975-04-13', 'Germany', 'Nidderau', '7444 Waldstrae', '15653', '$2b$10$9e.PqfCgub/64mcokFNhlunLGH4a2NWFI0tHaaC4t5bRiJkPXMRnm', NULL, '2025-07-02 15:45:38', 1),
(320, 'rharter', 1, 'rebekka.harter@example.com', '05902861983', 'Rebekka Harter', 'User', '1977-06-25', 'Germany', 'Katzenelnbogen', '5847 Breslauer Strae', '76428', '$2b$10$9e.PqfCgub/64mcokFNhlunLGH4a2NWFI0tHaaC4t5bRiJkPXMRnm', NULL, '2025-07-02 15:45:40', 1),
(321, 'mortiz', 1, 'montserrat.ortiz@example.com', '912638352', 'Montserrat Ortiz', 'User', '1983-01-05', 'Spain', 'Torrevieja', '5650 Calle de Alcal', '37732', '$2b$10$9e.PqfCgub/64mcokFNhlunLGH4a2NWFI0tHaaC4t5bRiJkPXMRnm', NULL, '2025-07-02 15:45:41', 1),
(322, 'zkondratyuk', 1, 'zoryana.kondratyuk@example.com', '067886988', 'Zoryana Kondratyuk', 'User', '1956-06-06', 'Ukraine', 'Stariy Sambir', '3064 Generala Vitruka', '96682', '$2b$10$9e.PqfCgub/64mcokFNhlunLGH4a2NWFI0tHaaC4t5bRiJkPXMRnm', NULL, '2025-07-02 15:45:42', 1),
(323, 'wbharanya', 1, 'warinder.bharanya@example.com', '9817941860', 'Warinder Bharanya', 'User', '1987-04-20', 'India', 'Anand', '7421 Bhootnath Rd', '86977', '$2b$10$9e.PqfCgub/64mcokFNhlunLGH4a2NWFI0tHaaC4t5bRiJkPXMRnm', NULL, '2025-07-02 15:45:43', 1),
(324, 'jvan leest', 1, 'jonna.vanleest@example.com', '0669175645', 'Jonna Van Leest', 'User', '1951-09-12', 'Netherlands', 'Brummen', '8093 Kummeldonk', '6102 TE', '$2b$10$9e.PqfCgub/64mcokFNhlunLGH4a2NWFI0tHaaC4t5bRiJkPXMRnm', NULL, '2025-07-02 15:45:45', 1),
(325, 'nnielsen', 1, 'nanna.nielsen@example.com', '81115803', 'Nanna Nielsen', 'User', '1995-12-05', 'Denmark', 'Haslev', '8771 Egeparken', '82356', '$2b$10$9e.PqfCgub/64mcokFNhlunLGH4a2NWFI0tHaaC4t5bRiJkPXMRnm', NULL, '2025-07-02 15:45:52', 1),
(326, 'nkalm', 1, 'nooa.kalm@example.com', '03008488', 'Nooa Kalm', 'User', '1979-11-27', 'Finland', 'Virolahti', '7686 Hermiankatu', '18290', '$2b$10$9e.PqfCgub/64mcokFNhlunLGH4a2NWFI0tHaaC4t5bRiJkPXMRnm', NULL, '2025-07-02 15:45:53', 1),
(327, 'lkelders', 1, 'lucienne.kelders@example.com', '0924128748', 'Lucinne Kelders', 'User', '1962-12-28', 'Netherlands', 'Zevenbergen', '2858 Kroezelaan', '3480 DN', '$2b$10$9e.PqfCgub/64mcokFNhlunLGH4a2NWFI0tHaaC4t5bRiJkPXMRnm', NULL, '2025-07-02 15:45:54', 1),
(328, 'flittle', 1, 'flenn.little@example.com', '5799492287', 'Flenn Little', 'User', '1963-06-28', 'United States', 'Manchester', '1368 First Street', '22929', '$2b$10$9e.PqfCgub/64mcokFNhlunLGH4a2NWFI0tHaaC4t5bRiJkPXMRnm', NULL, '2025-07-02 15:45:55', 1),
(329, 'odurak', 1, 'onur.durak@example.com', '5578323730', 'Onur Durak', 'User', '1968-08-23', 'Turkey', 'Hakkri', '7822 Doktorlar Cd', '27619', '$2b$10$9e.PqfCgub/64mcokFNhlunLGH4a2NWFI0tHaaC4t5bRiJkPXMRnm', NULL, '2025-07-02 15:46:05', 1),
(330, 'danderson', 1, 'delphine.anderson@example.com', '53035642', 'Delphine Anderson', 'User', '1975-02-23', 'Canada', 'Minto', '9077 Main St', 'Q2Y 5E6', '$2b$10$9e.PqfCgub/64mcokFNhlunLGH4a2NWFI0tHaaC4t5bRiJkPXMRnm', NULL, '2025-07-02 15:46:13', 1),
(332, 'rflores', 1, 'ricardo.flores@example.com', '917385385', 'Ricardo Flores', 'User', '1996-09-23', 'Spain', 'Arrecife', '3601 Calle de Arganzuela', '21184', '$2b$10$9e.PqfCgub/64mcokFNhlunLGH4a2NWFI0tHaaC4t5bRiJkPXMRnm', NULL, '2025-07-02 15:46:20', 1),
(333, 'cblack', 1, 'cathy.black@example.com', '2122065392', 'Cathy Black', 'User', '1968-09-03', 'United States', 'Midland', '6628 Poplar Dr', '49723', '$2b$10$9e.PqfCgub/64mcokFNhlunLGH4a2NWFI0tHaaC4t5bRiJkPXMRnm', NULL, '2025-07-02 15:46:29', 1),
(334, 'bnordhagen', 1, 'bjorn.nordhagen@example.com', '79784697', 'Bjrn Nordhagen', 'User', '1961-02-03', 'Norway', 'Alsvg', '8411 Vestlisvingen', '2408', '$2b$10$9e.PqfCgub/64mcokFNhlunLGH4a2NWFI0tHaaC4t5bRiJkPXMRnm', NULL, '2025-07-02 15:46:30', 1),
(335, 'vcruz', 1, 'vanessa.cruz@example.com', '01697404706', 'Vanessa Cruz', 'User', '1989-02-24', 'United Kingdom', 'Portsmouth', '973 The Avenue', 'AV36 9LA', '$2b$10$9e.PqfCgub/64mcokFNhlunLGH4a2NWFI0tHaaC4t5bRiJkPXMRnm', NULL, '2025-07-02 15:46:31', 1),
(336, 'tsimpson', 1, 'tomothy.simpson@example.com', '0713957026', 'Tomothy Simpson', 'User', '1969-08-20', 'Ireland', 'Cavan', '7315 School Lane', '69655', '$2b$10$9e.PqfCgub/64mcokFNhlunLGH4a2NWFI0tHaaC4t5bRiJkPXMRnm', NULL, '2025-07-02 15:46:32', 1),
(337, 'crohloff', 1, 'carola.rohloff@example.com', '00817034611', 'Carola Rohloff', 'User', '1964-05-12', 'Germany', 'Pegnitz', '9992 Schlossstrae', '63083', '$2b$10$9e.PqfCgub/64mcokFNhlunLGH4a2NWFI0tHaaC4t5bRiJkPXMRnm', NULL, '2025-07-02 15:46:42', 1),
(338, 'nmandelid', 1, 'natan.mandelid@example.com', '84219260', 'Natan Mandelid', 'User', '1953-02-20', 'Norway', 'Hauknes', '7178 Dronning Blancas vei', '5629', '$2b$10$9e.PqfCgub/64mcokFNhlunLGH4a2NWFI0tHaaC4t5bRiJkPXMRnm', NULL, '2025-07-02 15:46:49', 1),
(339, 'abarbier', 1, 'annamaria.barbier@example.com', '0795079147', 'Annamaria Barbier', 'User', '1945-09-21', 'Switzerland', 'Mathod', '7432 Boulevard de la Duchre', '9137', '$2b$10$9e.PqfCgub/64mcokFNhlunLGH4a2NWFI0tHaaC4t5bRiJkPXMRnm', NULL, '2025-07-02 15:46:50', 1),
(340, 'mbergeron', 1, 'marianne.bergeron@example.com', '69433360', 'Marianne Bergeron', 'User', '1960-09-08', 'Canada', 'Chatham', '9356 Argyle St', 'F9R 3P9', '$2b$10$9e.PqfCgub/64mcokFNhlunLGH4a2NWFI0tHaaC4t5bRiJkPXMRnm', NULL, '2025-07-02 15:46:52', 1),
(341, 'vkoskela', 1, 'veeti.koskela@example.com', '04903156', 'Veeti Koskela', 'User', '1985-02-13', 'Finland', 'Tammela', '1271 Mechelininkatu', '37762', '$2b$10$9e.PqfCgub/64mcokFNhlunLGH4a2NWFI0tHaaC4t5bRiJkPXMRnm', NULL, '2025-07-02 15:46:53', 1),
(342, 'ibarbier', 1, 'isabel.barbier@example.com', '0760891299', 'Isabel Barbier', 'User', '1964-08-13', 'Switzerland', 'Trasadingen', '3467 Place de L\'Abb-Georges-Hnocque', '7756', '$2b$10$9e.PqfCgub/64mcokFNhlunLGH4a2NWFI0tHaaC4t5bRiJkPXMRnm', NULL, '2025-07-02 15:46:54', 1),
(343, 'jreed', 1, 'joshua.reed@example.com', '0311001174', 'Joshua Reed', 'User', '1950-05-14', 'Ireland', 'Oranmore', '6636 South Street', '16264', '$2b$10$9e.PqfCgub/64mcokFNhlunLGH4a2NWFI0tHaaC4t5bRiJkPXMRnm', NULL, '2025-07-02 15:46:55', 1),
(344, 'mmonteiro', 1, 'mauren.monteiro@example.com', '9677821480', 'Mauren Monteiro', 'User', '1981-09-09', 'Brazil', 'guas Lindas de Gois', '8354 Avenida Vincius de Morais', '43910', '$2b$10$9e.PqfCgub/64mcokFNhlunLGH4a2NWFI0tHaaC4t5bRiJkPXMRnm', NULL, '2025-07-02 15:46:57', 1),
(345, 'rcaballero', 1, 'ruben.caballero@example.com', '974568024', 'Rubn Caballero', 'User', '1952-03-06', 'Spain', 'Sevilla', '9229 Avenida de La Albufera', '29241', '$2b$10$9e.PqfCgub/64mcokFNhlunLGH4a2NWFI0tHaaC4t5bRiJkPXMRnm', NULL, '2025-07-02 15:46:58', 1),
(346, 'nlambert', 1, 'nelli.lambert@example.com', '0771446996', 'Nelli Lambert', 'User', '1967-08-11', 'Switzerland', 'Cormoret', '9027 Rue de L\'Abb-Soulange-Bodin', '6342', '$2b$10$9e.PqfCgub/64mcokFNhlunLGH4a2NWFI0tHaaC4t5bRiJkPXMRnm', NULL, '2025-07-02 15:46:59', 1),
(347, 'fwalker', 1, 'flynn.walker@example.com', '7969077372', 'Flynn Walker', 'User', '1991-09-15', 'New Zealand', 'Invercargill', '3898 Maxwell Road', '60486', '$2b$10$9e.PqfCgub/64mcokFNhlunLGH4a2NWFI0tHaaC4t5bRiJkPXMRnm', NULL, '2025-07-02 15:47:00', 1),
(348, 'ipulli', 1, 'isla.pulli@example.com', '03487179', 'Isla Pulli', 'User', '1963-10-30', 'Finland', 'Kittil', '2311 Hmeenkatu', '25397', '$2b$10$9e.PqfCgub/64mcokFNhlunLGH4a2NWFI0tHaaC4t5bRiJkPXMRnm', NULL, '2025-07-02 15:47:01', 1),
(349, 'emadsen', 1, 'ella.madsen@example.com', '79217351', 'Ella Madsen', 'User', '1998-02-01', 'Denmark', 'Sommersted', '64 sumvej', '49857', '$2b$10$9e.PqfCgub/64mcokFNhlunLGH4a2NWFI0tHaaC4t5bRiJkPXMRnm', NULL, '2025-07-02 15:47:03', 1),
(350, 'lblanchard', 1, 'lohan.blanchard@example.com', '0580469079', 'Lohan Blanchard', 'User', '1946-10-12', 'France', 'Versailles', '7896 Cours Charlemagne', '75293', '$2b$10$9e.PqfCgub/64mcokFNhlunLGH4a2NWFI0tHaaC4t5bRiJkPXMRnm', NULL, '2025-07-02 15:47:04', 1),
(351, 'mlambert', 1, 'martin.lambert@example.com', '0514334071', 'Martin Lambert', 'User', '1968-09-24', 'Ireland', 'Roscommon', '9684 West Street', '42079', '$2b$10$9e.PqfCgub/64mcokFNhlunLGH4a2NWFI0tHaaC4t5bRiJkPXMRnm', NULL, '2025-07-02 15:47:05', 1),
(352, 'dvargas', 1, 'dana.vargas@example.com', '0918019481', 'Dana Vargas', 'User', '1958-01-26', 'Australia', 'Brisbane', '4196 Crockett St', '7135', '$2b$10$9e.PqfCgub/64mcokFNhlunLGH4a2NWFI0tHaaC4t5bRiJkPXMRnm', NULL, '2025-07-02 15:47:06', 1),
(353, 'nclark', 1, 'norman.clark@example.com', '4437848877', 'Norman Clark', 'User', '1944-11-17', 'United States', 'North Las Vegas', '267 College St', '28561', '$2b$10$9e.PqfCgub/64mcokFNhlunLGH4a2NWFI0tHaaC4t5bRiJkPXMRnm', NULL, '2025-07-02 15:47:13', 1),
(354, 'abaker', 1, 'allan.baker@example.com', '0514730154', 'Allan Baker', 'User', '1964-12-19', 'Ireland', 'Ratoath', '1208 Park Avenue', '80582', '$2b$10$9e.PqfCgub/64mcokFNhlunLGH4a2NWFI0tHaaC4t5bRiJkPXMRnm', NULL, '2025-07-02 15:47:14', 1),
(355, 'asuomi', 1, 'anton.suomi@example.com', '05066385', 'Anton Suomi', 'User', '1993-10-13', 'Finland', 'Ruokolahti', '3856 Mechelininkatu', '48316', '$2b$10$9e.PqfCgub/64mcokFNhlunLGH4a2NWFI0tHaaC4t5bRiJkPXMRnm', NULL, '2025-07-02 15:47:16', 1),
(356, 'ehuhta', 1, 'emilia.huhta@example.com', '06889227', 'Emilia Huhta', 'User', '1980-10-26', 'Finland', 'Hattula', '4511 Mannerheimintie', '65207', '$2b$10$9e.PqfCgub/64mcokFNhlunLGH4a2NWFI0tHaaC4t5bRiJkPXMRnm', NULL, '2025-07-02 15:47:31', 1),
(357, 'tvan loveren', 1, 'tristen.vanloveren@example.com', '0058309038', 'Tristen Van Loveren', 'User', '1945-05-08', 'Netherlands', 'Leuken', '97 Dullemansstukken', '4299 RA', '$2b$10$9e.PqfCgub/64mcokFNhlunLGH4a2NWFI0tHaaC4t5bRiJkPXMRnm', NULL, '2025-07-02 15:47:32', 1),
(358, 'iharris', 1, 'isla.harris@example.com', '1184706935', 'Isla Harris', 'User', '1965-02-19', 'New Zealand', 'Christchurch', '7511 Avalon Drive', '13471', '$2b$10$9e.PqfCgub/64mcokFNhlunLGH4a2NWFI0tHaaC4t5bRiJkPXMRnm', NULL, '2025-07-02 15:47:33', 1),
(359, 'cwilliamson', 1, 'carrie.williamson@example.com', '2993779222', 'Carrie Williamson', 'User', '1991-06-15', 'United States', 'Van Alstyne', '7143 Spring St', '64141', '$2b$10$9e.PqfCgub/64mcokFNhlunLGH4a2NWFI0tHaaC4t5bRiJkPXMRnm', NULL, '2025-07-02 15:47:35', 1),
(360, 'ggardner', 1, 'gordon.gardner@example.com', '0297557753', 'Gordon Gardner', 'User', '1952-05-16', 'Australia', 'Devonport', '2423 Wycliff Ave', '7112', '$2b$10$9e.PqfCgub/64mcokFNhlunLGH4a2NWFI0tHaaC4t5bRiJkPXMRnm', NULL, '2025-07-02 15:47:36', 1),
(361, 'sthomsen', 1, 'storm.thomsen@example.com', '65360482', 'Storm Thomsen', 'User', '1972-08-24', 'Denmark', 'Noerre Alslev', '1316 Toftevej', '26986', '$2b$10$9e.PqfCgub/64mcokFNhlunLGH4a2NWFI0tHaaC4t5bRiJkPXMRnm', NULL, '2025-07-02 15:47:37', 1),
(362, 'nda rosa', 1, 'nobre.darosa@example.com', '2974234634', 'Nobre da Rosa', 'User', '1980-07-26', 'Brazil', 'Santana de Parnaba', '4182 Rua Santo Antnio ', '19774', '$2b$10$9e.PqfCgub/64mcokFNhlunLGH4a2NWFI0tHaaC4t5bRiJkPXMRnm', NULL, '2025-07-02 15:47:38', 1),
(363, 'cwelman', 1, 'chantelle.welman@example.com', '0072412808', 'Chantelle Welman', 'User', '1978-05-19', 'Netherlands', 'Oostknollendam', '3581 Jan Bodeweg', '0020 WD', '$2b$10$9e.PqfCgub/64mcokFNhlunLGH4a2NWFI0tHaaC4t5bRiJkPXMRnm', NULL, '2025-07-02 15:47:40', 1),
(364, 'stikkanen', 1, 'samuel.tikkanen@example.com', '05814722', 'Samuel Tikkanen', 'User', '1991-05-22', 'Finland', 'Hyrynsalmi', '8934 Hmeenkatu', '20647', '$2b$10$9e.PqfCgub/64mcokFNhlunLGH4a2NWFI0tHaaC4t5bRiJkPXMRnm', NULL, '2025-07-02 15:47:41', 1),
(365, 'rng', 1, 'reimer.ng@example.com', '0103195127', 'Reimer Ng', 'User', '1965-09-15', 'Netherlands', 'Neede', '4584 Hof van Geneve', '9984 FP', '$2b$10$9e.PqfCgub/64mcokFNhlunLGH4a2NWFI0tHaaC4t5bRiJkPXMRnm', NULL, '2025-07-02 15:47:42', 1),
(366, 'rdiaz', 1, 'roberto.diaz@example.com', '0988243848', 'Roberto Diaz', 'User', '1989-05-29', 'Australia', 'Devonport', '8385 Cherry St', '2149', '$2b$10$9e.PqfCgub/64mcokFNhlunLGH4a2NWFI0tHaaC4t5bRiJkPXMRnm', NULL, '2025-07-02 15:47:45', 1),
(367, 'ablanc', 1, 'ana.blanc@example.com', '0260742575', 'Ana Blanc', 'User', '1978-07-18', 'France', 'Roubaix', '6281 Rue de L\'Abb-Rousselot', '85085', '$2b$10$9e.PqfCgub/64mcokFNhlunLGH4a2NWFI0tHaaC4t5bRiJkPXMRnm', NULL, '2025-07-02 15:47:46', 1),
(368, 'mguillaume', 1, 'miriam.guillaume@example.com', '0766116717', 'Miriam Guillaume', 'User', '1956-06-26', 'Switzerland', 'Bas-Intyamon', '4166 Place des 44 Enfants D\'Izieu', '2146', '$2b$10$9e.PqfCgub/64mcokFNhlunLGH4a2NWFI0tHaaC4t5bRiJkPXMRnm', NULL, '2025-07-02 15:47:53', 1),
(369, 'vhubert', 1, 'viktor.hubert@example.com', '0766692938', 'Viktor Hubert', 'User', '1982-03-30', 'Switzerland', 'Btschwil-Ganterschwil', '4828 Grande Rue', '9415', '$2b$10$9e.PqfCgub/64mcokFNhlunLGH4a2NWFI0tHaaC4t5bRiJkPXMRnm', NULL, '2025-07-02 15:47:55', 1),
(370, 'ichristensen', 1, 'isabella.christensen@example.com', '39493528', 'Isabella Christensen', 'User', '1954-04-08', 'Denmark', 'Aaborg st', '1130 Valdemarsgade', '54225', '$2b$10$9e.PqfCgub/64mcokFNhlunLGH4a2NWFI0tHaaC4t5bRiJkPXMRnm', NULL, '2025-07-02 15:47:56', 1),
(371, 'gasd', 1, 'jokom21613@dxirl.com', '434324323424', 'Teste', 'User', '2025-07-16', 'Teste', 'Teste', 'Teste', 'Teste', '$2b$10$9e.PqfCgub/64mcokFNhlunLGH4a2NWFI0tHaaC4t5bRiJkPXMRnm', NULL, '2025-07-10 15:55:22', 1),
(377, 'a', 1, 'a@g', '123123123', 'dsadasdasdas', 'User', '2025-07-29', 'asdadsdas', 'dsadasdas', 'dasdasasd', 'asdasdasd', '$2b$10$9e.PqfCgub/64mcokFNhlunLGH4a2NWFI0tHaaC4t5bRiJkPXMRnm', NULL, '2025-07-10 16:26:14', 0),
(385, 'asdasdsad', 1, 'a@gadssaddsa', '1231231234', 'dsasda', 'User', '2025-07-16', 'dsasda', 'sadsdadsa', 'dsasda', 'asdsda', '$2b$10$9e.PqfCgub/64mcokFNhlunLGH4a2NWFI0tHaaC4t5bRiJkPXMRnm', NULL, '2025-07-10 18:14:39', 0),
(386, 'aasdasd', 1, 'tesel81357@dxirl.com', '1231123123', 'dsaasdsad', 'User', '2025-07-23', 'sdaadsasd', 'dsasadasd', 'adsasdsad', 'sdadasads', '$2b$10$9e.PqfCgub/64mcokFNhlunLGH4a2NWFI0tHaaC4t5bRiJkPXMRnm', NULL, '2025-07-10 18:39:41', 1);

--
-- Indexes for dumped tables
--

--
-- Indexes for table `attendance`
--
ALTER TABLE `attendance`
  ADD PRIMARY KEY (`entryid`),
  ADD KEY `userid` (`userid`);

--
-- Indexes for table `inventory_reports`
--
ALTER TABLE `inventory_reports`
  ADD PRIMARY KEY (`id`),
  ADD KEY `userid` (`created_by`);

--
-- Indexes for table `inventory_report_items`
--
ALTER TABLE `inventory_report_items`
  ADD PRIMARY KEY (`uid`),
  ADD KEY `report_id` (`report_id`),
  ADD KEY `item_id` (`item_id`);

--
-- Indexes for table `layout`
--
ALTER TABLE `layout`
  ADD PRIMARY KEY (`componentid`),
  ADD UNIQUE KEY `identificator` (`tableid`);

--
-- Indexes for table `menu`
--
ALTER TABLE `menu`
  ADD PRIMARY KEY (`id`),
  ADD KEY `category_id` (`category_id`);

--
-- Indexes for table `menu_categories`
--
ALTER TABLE `menu_categories`
  ADD PRIMARY KEY (`id`);

--
-- Indexes for table `orders`
--
ALTER TABLE `orders`
  ADD PRIMARY KEY (`order_id`),
  ADD KEY `userid` (`created_by`) USING BTREE;

--
-- Indexes for table `order_items`
--
ALTER TABLE `order_items`
  ADD PRIMARY KEY (`uid`),
  ADD KEY `receipt_id` (`order_id`),
  ADD KEY `product_id` (`product_id`);

--
-- Indexes for table `purchase_items`
--
ALTER TABLE `purchase_items`
  ADD PRIMARY KEY (`id`),
  ADD KEY `purchase_order_id` (`purchase_order_id`) USING BTREE,
  ADD KEY `item_id` (`item_id`);

--
-- Indexes for table `purchase_orders`
--
ALTER TABLE `purchase_orders`
  ADD PRIMARY KEY (`id`),
  ADD KEY `supplier_id_idx` (`supplier_id`),
  ADD KEY `userid` (`userid`);

--
-- Indexes for table `reservations`
--
ALTER TABLE `reservations`
  ADD PRIMARY KEY (`id`),
  ADD KEY `tableid` (`tableid`),
  ADD KEY `userid` (`creator_id`);

--
-- Indexes for table `roles`
--
ALTER TABLE `roles`
  ADD PRIMARY KEY (`name`),
  ADD UNIQUE KEY `permission_name` (`name`);

--
-- Indexes for table `role_permissions`
--
ALTER TABLE `role_permissions`
  ADD PRIMARY KEY (`entry_id`),
  ADD UNIQUE KEY `endpoint_id` (`endpoint_id`,`role`) USING BTREE,
  ADD KEY `role` (`role`) USING BTREE;

--
-- Indexes for table `sessions`
--
ALTER TABLE `sessions`
  ADD PRIMARY KEY (`session_id`);

--
-- Indexes for table `stock_items`
--
ALTER TABLE `stock_items`
  ADD PRIMARY KEY (`id`),
  ADD UNIQUE KEY `SKU` (`id`),
  ADD KEY `supplier_id` (`supplier_id`),
  ADD KEY `connected_product` (`connected_product_id`);

--
-- Indexes for table `suppliers`
--
ALTER TABLE `suppliers`
  ADD PRIMARY KEY (`id`);

--
-- Indexes for table `users`
--
ALTER TABLE `users`
  ADD PRIMARY KEY (`userid`),
  ADD UNIQUE KEY `username` (`username`),
  ADD UNIQUE KEY `email` (`email`),
  ADD UNIQUE KEY `phone` (`phone`),
  ADD UNIQUE KEY `card_id` (`card_id`),
  ADD KEY `role` (`role`);

--
-- AUTO_INCREMENT for dumped tables
--

--
-- AUTO_INCREMENT for table `attendance`
--
ALTER TABLE `attendance`
  MODIFY `entryid` int NOT NULL AUTO_INCREMENT, AUTO_INCREMENT=3723;

--
-- AUTO_INCREMENT for table `inventory_reports`
--
ALTER TABLE `inventory_reports`
  MODIFY `id` int NOT NULL AUTO_INCREMENT, AUTO_INCREMENT=16;

--
-- AUTO_INCREMENT for table `inventory_report_items`
--
ALTER TABLE `inventory_report_items`
  MODIFY `uid` int NOT NULL AUTO_INCREMENT, AUTO_INCREMENT=22;

--
-- AUTO_INCREMENT for table `layout`
--
ALTER TABLE `layout`
  MODIFY `componentid` int NOT NULL AUTO_INCREMENT, AUTO_INCREMENT=1488;

--
-- AUTO_INCREMENT for table `menu`
--
ALTER TABLE `menu`
  MODIFY `id` int NOT NULL AUTO_INCREMENT, AUTO_INCREMENT=75;

--
-- AUTO_INCREMENT for table `menu_categories`
--
ALTER TABLE `menu_categories`
  MODIFY `id` int NOT NULL AUTO_INCREMENT, AUTO_INCREMENT=21;

--
-- AUTO_INCREMENT for table `orders`
--
ALTER TABLE `orders`
  MODIFY `order_id` int NOT NULL AUTO_INCREMENT, AUTO_INCREMENT=97;

--
-- AUTO_INCREMENT for table `order_items`
--
ALTER TABLE `order_items`
  MODIFY `uid` int NOT NULL AUTO_INCREMENT, AUTO_INCREMENT=83;

--
-- AUTO_INCREMENT for table `purchase_items`
--
ALTER TABLE `purchase_items`
  MODIFY `id` int NOT NULL AUTO_INCREMENT, AUTO_INCREMENT=17;

--
-- AUTO_INCREMENT for table `purchase_orders`
--
ALTER TABLE `purchase_orders`
  MODIFY `id` int NOT NULL AUTO_INCREMENT, AUTO_INCREMENT=13;

--
-- AUTO_INCREMENT for table `reservations`
--
ALTER TABLE `reservations`
  MODIFY `id` int NOT NULL AUTO_INCREMENT, AUTO_INCREMENT=39;

--
-- AUTO_INCREMENT for table `role_permissions`
--
ALTER TABLE `role_permissions`
  MODIFY `entry_id` int NOT NULL AUTO_INCREMENT, AUTO_INCREMENT=116;

--
-- AUTO_INCREMENT for table `stock_items`
--
ALTER TABLE `stock_items`
  MODIFY `id` int NOT NULL AUTO_INCREMENT, AUTO_INCREMENT=14;

--
-- AUTO_INCREMENT for table `suppliers`
--
ALTER TABLE `suppliers`
  MODIFY `id` int NOT NULL AUTO_INCREMENT, AUTO_INCREMENT=4;

--
-- AUTO_INCREMENT for table `users`
--
ALTER TABLE `users`
  MODIFY `userid` int NOT NULL AUTO_INCREMENT, AUTO_INCREMENT=387;

--
-- Constraints for dumped tables
--

--
-- Constraints for table `attendance`
--
ALTER TABLE `attendance`
  ADD CONSTRAINT `attendance_ibfk_1` FOREIGN KEY (`userid`) REFERENCES `users` (`userid`);

--
-- Constraints for table `inventory_reports`
--
ALTER TABLE `inventory_reports`
  ADD CONSTRAINT `inventory_reports_ibfk_1` FOREIGN KEY (`created_by`) REFERENCES `users` (`userid`) ON DELETE RESTRICT ON UPDATE RESTRICT;

--
-- Constraints for table `inventory_report_items`
--
ALTER TABLE `inventory_report_items`
  ADD CONSTRAINT `inventory_report_items_ibfk_1` FOREIGN KEY (`report_id`) REFERENCES `inventory_reports` (`id`) ON DELETE RESTRICT ON UPDATE RESTRICT,
  ADD CONSTRAINT `inventory_report_items_ibfk_2` FOREIGN KEY (`item_id`) REFERENCES `stock_items` (`id`) ON DELETE RESTRICT ON UPDATE RESTRICT;

--
-- Constraints for table `menu`
--
ALTER TABLE `menu`
  ADD CONSTRAINT `menu_ibfk_1` FOREIGN KEY (`category_id`) REFERENCES `menu_categories` (`id`) ON DELETE CASCADE ON UPDATE CASCADE;

--
-- Constraints for table `order_items`
--
ALTER TABLE `order_items`
  ADD CONSTRAINT `order_id` FOREIGN KEY (`order_id`) REFERENCES `orders` (`order_id`) ON DELETE CASCADE ON UPDATE CASCADE,
  ADD CONSTRAINT `product_id` FOREIGN KEY (`product_id`) REFERENCES `menu` (`id`);

--
-- Constraints for table `purchase_items`
--
ALTER TABLE `purchase_items`
  ADD CONSTRAINT `purchase_items_ibfk_1` FOREIGN KEY (`item_id`) REFERENCES `stock_items` (`id`),
  ADD CONSTRAINT `purchase_order` FOREIGN KEY (`purchase_order_id`) REFERENCES `purchase_orders` (`id`) ON DELETE RESTRICT ON UPDATE RESTRICT;

--
-- Constraints for table `purchase_orders`
--
ALTER TABLE `purchase_orders`
  ADD CONSTRAINT `fk_supplier` FOREIGN KEY (`supplier_id`) REFERENCES `suppliers` (`id`) ON DELETE CASCADE,
  ADD CONSTRAINT `purchase_orders_ibfk_1` FOREIGN KEY (`userid`) REFERENCES `users` (`userid`);

--
-- Constraints for table `reservations`
--
ALTER TABLE `reservations`
  ADD CONSTRAINT `reservations_ibfk_1` FOREIGN KEY (`creator_id`) REFERENCES `users` (`userid`);

--
-- Constraints for table `role_permissions`
--
ALTER TABLE `role_permissions`
  ADD CONSTRAINT `role_permissions_ibfk_1` FOREIGN KEY (`role`) REFERENCES `roles` (`name`) ON DELETE CASCADE ON UPDATE CASCADE;

--
-- Constraints for table `stock_items`
--
ALTER TABLE `stock_items`
  ADD CONSTRAINT `stock_items_ibfk_1` FOREIGN KEY (`supplier_id`) REFERENCES `suppliers` (`id`) ON DELETE RESTRICT ON UPDATE RESTRICT;

--
-- Constraints for table `users`
--
ALTER TABLE `users`
  ADD CONSTRAINT `role` FOREIGN KEY (`role`) REFERENCES `roles` (`name`) ON DELETE CASCADE ON UPDATE CASCADE;
COMMIT;

/*!40101 SET CHARACTER_SET_CLIENT=@OLD_CHARACTER_SET_CLIENT */;
/*!40101 SET CHARACTER_SET_RESULTS=@OLD_CHARACTER_SET_RESULTS */;
/*!40101 SET COLLATION_CONNECTION=@OLD_COLLATION_CONNECTION */;
